datetime,tempmax,tempmin,temp,humidity,precipcover,preciptype,cloudcover,solarradiation,solarenergy,uvindex,sunrise,sunset,County
2020-07-06,93.8,59.1,77.2,34.7,0.0,,35.8,442.3,25.5,10.0,05:35:47,20:28:26,Adams
2020-07-06,82.3,44.7,64.9,47.6,0.0,,3.4,420.6,24.3,10.0,05:48:31,20:27:23,Alamosa
2020-07-06,93.4,60.1,77.1,34.3,0.0,,35.9,348.9,20.0,9.0,05:36:29,20:27:44,Arapahoe
2020-07-06,85.9,49.8,70.6,32.4,0.0,,9.3,290.4,25.4,10.0,05:54:37,20:31:23,Archuleta
2020-07-06,89.1,57.9,74.3,58.6,0.0,,7.3,493.4,24.7,10.0,05:36:16,20:13:37,Baca
2020-07-06,93.0,61.4,77.7,52.4,0.0,,0.0,481.3,32.9,10.0,05:36:37,20:17:35,Bent
2020-07-06,85.2,54.1,70.0,44.8,0.0,,4.3,256.5,22.2,8.0,05:39:21,20:33:23,Boulder
2020-07-06,92.4,60.4,77.1,34.7,0.0,,9.7,269.0,23.0,9.0,05:38:25,20:31:34,Broomfield
2020-07-06,76.3,38.7,61.2,40.8,0.0,,29.5,298.0,24.8,10.0,05:47:12,20:32:55,Chaffee
2020-07-06,91.1,61.1,76.5,51.7,0.0,,0.0,426.2,27.7,9.0,05:32:03,20:18:22,Cheyenne
2020-07-06,74.4,45.7,58.7,38.8,0.0,,26.1,287.4,24.6,8.0,05:41:43,20:33:13,Clear Creek
2020-07-06,78.5,45.9,63.8,45.9,0.0,,9.9,169.0,13.1,7.0,05:51:05,20:27:55,Conejos
2020-07-06,82.1,45.0,62.9,44.2,0.0,,11.0,275.6,24.0,10.0,05:47:55,20:25:07,Costilla
2020-07-06,93.7,60.5,77.6,48.5,0.0,,0.0,482.1,29.5,10.0,05:38:19,20:21:34,Crowley
2020-07-06,87.5,51.3,68.6,43.5,0.0,,8.2,398.1,22.9,10.0,05:45:18,20:27:16,Custer
2020-07-06,97.8,63.9,80.9,21.9,0.0,,0.0,479.6,27.8,10.0,05:53:01,20:39:29,Delta
2020-07-06,93.3,60.0,76.7,34.8,0.0,,35.3,452.0,26.0,9.0,05:38:19,20:30:17,Denver
2020-07-06,86.4,57.1,72.5,28.1,0.0,,7.6,374.1,24.2,10.0,05:58:58,20:38:52,Dolores
2020-07-06,90.2,57.0,74.2,36.8,0.0,,29.4,390.0,24.0,10.0,05:39:51,20:29:08,Douglas
2020-07-06,86.6,50.7,69.1,31.8,0.0,,5.9,428.3,27.9,10.0,05:45:59,20:37:08,Eagle
2020-07-06,89.4,58.2,73.4,45.3,0.0,,14.1,481.0,27.8,10.0,05:36:40,20:25:51,Elbert
2020-07-06,88.5,55.8,73.3,42.0,0.0,,29.4,451.8,26.1,9.0,05:39:46,20:26:02,El Paso
2020-07-06,88.0,54.4,72.1,39.7,0.0,,27.2,460.8,26.6,10.0,05:44:27,20:28:30,Fremont
2020-07-06,95.3,59.9,78.6,23.8,0.0,,1.4,365.2,27.5,10.0,05:50:57,20:41:54,Garfield
2020-07-06,80.1,47.5,64.1,46.7,0.0,,4.4,270.0,23.0,7.0,05:40:37,20:33:11,Gilpin
2020-07-06,81.2,41.5,61.6,46.6,0.0,,10.0,311.7,26.9,10.0,05:42:03,20:36:16,Grand
2020-07-06,83.9,45.8,66.8,42.3,0.0,,5.7,332.5,25.1,10.0,05:50:27,20:35:45,Gunnison
2020-07-06,78.3,53.1,66.2,31.1,0.0,,20.7,365.8,21.1,10.0,05:54:12,20:34:28,Hinsdale
2020-07-06,90.9,53.6,66.5,42.1,0.0,,14.4,420.2,24.1,10.0,05:44:52,20:24:25,Huerfano
2020-07-06,80.7,40.4,62.1,38.2,0.0,,9.3,382.8,26.1,10.0,05:41:17,20:38:54,Jackson
2020-07-06,92.9,59.5,77.1,32.4,0.0,,30.7,349.3,20.2,8.0,05:40:20,20:31:12,Jefferson
2020-07-06,92.9,60.9,77.5,52.9,0.0,,0.0,394.0,26.7,9.0,05:33:59,20:17:38,Kiowa
2020-07-06,91.3,61.2,76.8,51.1,0.0,,0.4,430.8,27.8,9.0,05:30:37,20:19:46,Kit Carson
2020-07-06,72.0,34.4,54.6,50.9,0.0,,33.2,261.5,22.6,8.0,05:45:55,20:34:27,Lake
2020-07-06,91.2,56.1,74.0,29.5,0.0,,0.0,286.1,24.7,10.0,05:57:32,20:34:47,La Plata
2020-07-06,91.8,55.8,74.1,43.4,0.0,,2.7,349.8,21.5,9.0,05:37:53,20:35:31,Larimer
2020-07-06,89.9,57.5,74.0,46.6,0.0,,3.0,523.4,32.0,10.0,05:42:15,20:19:41,Las Animas
2020-07-06,88.1,58.8,73.9,48.2,0.0,,8.7,319.9,27.7,9.0,05:35:11,20:22:27,Lincoln
2020-07-06,97.2,54.5,75.7,47.2,8.33,['rain'],9.7,327.6,28.4,9.0,05:28:07,20:26:10,Logan
2020-07-06,99.0,69.5,84.8,16.7,0.0,,0.0,477.2,29.1,10.0,05:54:56,20:42:20,Mesa
2020-07-06,79.5,49.8,62.5,37.5,0.0,,29.3,284.4,24.5,10.0,05:52:51,20:32:12,Mineral
2020-07-06,90.9,47.7,71.7,31.6,0.0,,1.0,528.6,32.3,10.0,05:49:04,20:46:07,Moffat
2020-07-06,92.6,55.9,75.8,28.4,0.0,,0.0,394.2,25.7,10.0,06:00:25,20:37:57,Montezuma
2020-07-06,92.8,61.6,78.5,24.6,0.0,,1.2,336.1,24.2,9.0,05:55:57,20:39:44,Montrose
2020-07-06,96.6,57.3,77.2,38.8,4.17,['rain'],2.1,374.8,21.5,7.0,05:32:28,20:27:33,Morgan
2020-07-06,94.3,56.0,76.6,55.5,0.0,,0.0,331.2,28.5,9.0,05:39:20,20:20:01,Otero
2020-07-06,82.1,56.8,70.8,27.6,0.0,,12.8,305.3,17.5,9.0,05:54:45,20:36:59,Ouray
2020-07-06,68.9,46.9,57.0,37.9,0.0,,27.4,279.2,23.2,10.0,05:43:39,20:31:40,Park
2020-07-06,96.0,60.9,79.9,47.0,0.0,,1.9,442.2,28.7,9.0,05:25:33,20:22:45,Phillips
2020-07-06,83.0,48.8,68.0,32.4,0.0,,9.3,407.2,29.3,10.0,05:48:09,20:36:45,Pitkin
2020-07-06,92.3,60.1,76.9,55.0,0.0,,0.3,350.7,30.2,10.0,05:33:48,20:14:55,Prowers
2020-07-06,94.8,56.7,77.1,42.9,0.0,,1.1,445.1,28.7,9.0,05:41:34,20:23:56,Pueblo
2020-07-06,90.6,50.0,72.2,28.7,0.0,,1.2,310.6,26.7,8.0,05:50:57,20:44:13,Rio Blanco
2020-07-06,74.6,48.4,62.3,43.5,0.0,,20.9,257.0,20.2,10.0,05:51:25,20:29:48,Rio Grande
2020-07-06,84.9,47.7,67.5,40.5,0.0,,4.0,393.4,22.6,9.0,05:44:29,20:40:57,Routt
2020-07-06,83.0,46.5,65.5,45.9,0.0,,7.1,409.1,25.0,10.0,05:49:00,20:30:34,Saguache
2020-07-06,79.4,54.0,67.5,29.4,0.0,,16.1,365.8,21.1,10.0,05:55:26,20:35:31,San Juan
2020-07-06,83.4,57.3,71.4,27.9,0.0,,11.5,398.3,24.3,10.0,05:57:48,20:39:12,San Miguel
2020-07-06,95.8,61.7,79.1,47.7,4.17,['rain'],3.7,331.6,28.7,9.0,05:24:42,20:23:41,Sedgwick
2020-07-06,68.5,50.9,58.5,33.4,0.0,,41.9,248.6,21.6,9.0,05:43:47,20:34:53,Summit
2020-07-06,85.1,53.9,71.0,43.7,0.0,,28.2,305.0,17.5,7.0,05:42:15,20:28:47,Teller
2020-07-06,94.2,63.4,79.5,42.5,4.17,['rain'],1.7,477.1,29.3,9.0,05:31:00,20:24:14,Washington
2020-07-06,97.9,55.3,76.1,45.6,0.0,,2.5,489.4,30.0,10.0,05:33:50,20:30:47,Weld
2020-07-06,96.5,64.1,81.3,39.0,0.0,,25.7,335.8,29.2,9.0,05:27:45,20:21:12,Yuma
2020-07-13,93.7,67.3,79.6,31.6,12.5,['rain'],56.4,258.6,13.8,10.0,05:40:30,20:25:31,Adams
2020-07-13,80.8,51.9,67.2,45.6,8.33,['rain'],17.8,334.9,19.3,8.0,05:52:55,20:24:48,Alamosa
2020-07-13,93.8,67.0,79.7,31.1,12.5,['rain'],57.8,330.5,17.9,7.0,05:41:11,20:24:51,Arapahoe
2020-07-13,83.2,52.8,71.0,34.7,8.33,['rain'],33.5,243.3,21.1,10.0,05:58:58,20:28:51,Archuleta
2020-07-13,101.0,65.9,80.7,54.0,4.17,['rain'],2.1,326.4,28.1,10.0,05:40:37,20:11:04,Baca
2020-07-13,100.9,66.8,83.6,44.3,0.0,,6.2,510.4,29.5,10.0,05:41:04,20:14:58,Bent
2020-07-13,88.5,62.4,74.6,34.9,0.0,,6.9,190.2,16.5,9.0,05:44:07,20:30:26,Boulder
2020-07-13,97.0,67.0,80.7,29.2,4.17,['rain'],13.9,189.4,16.3,8.0,05:43:09,20:28:38,Broomfield
2020-07-13,77.2,54.0,63.5,45.8,12.5,['rain'],30.7,291.4,20.8,10.0,05:51:45,20:30:10,Chaffee
2020-07-13,98.1,65.9,79.3,57.3,8.33,['rain'],5.8,319.3,27.5,10.0,05:36:37,20:15:36,Cheyenne
2020-07-13,73.4,54.1,62.2,38.8,8.33,['rain'],40.5,297.5,25.3,9.0,05:46:25,20:30:20,Clear Creek
2020-07-13,77.3,52.0,65.9,45.8,12.5,['rain'],21.3,303.4,17.4,9.0,05:55:26,20:25:23,Conejos
2020-07-13,76.0,53.9,65.1,42.2,4.17,['rain'],18.8,382.8,22.0,10.0,05:52:16,20:22:35,Costilla
2020-07-13,100.6,64.5,82.9,38.1,0.0,,3.7,276.1,23.8,10.0,05:42:49,20:18:53,Crowley
2020-07-13,91.8,61.3,72.1,37.3,16.67,['rain'],19.2,200.1,17.4,9.0,05:49:47,20:24:37,Custer
2020-07-13,95.5,68.9,81.8,29.0,8.33,['rain'],19.1,366.1,21.1,8.0,05:57:36,20:36:43,Delta
2020-07-13,94.3,66.7,79.4,31.3,12.5,['rain'],58.0,309.8,17.7,8.0,05:43:02,20:27:23,Denver
2020-07-13,87.5,60.6,74.1,31.9,0.0,,38.3,250.5,21.9,10.0,06:03:24,20:36:16,Dolores
2020-07-13,92.9,63.9,78.8,29.8,8.33,['rain'],51.4,283.5,17.3,7.0,05:44:30,20:26:18,Douglas
2020-07-13,88.5,55.4,71.7,40.2,12.5,['rain'],30.0,428.1,24.8,9.0,05:50:41,20:34:15,Eagle
2020-07-13,93.5,61.6,76.5,40.6,4.17,['rain'],20.7,446.7,25.7,10.0,05:41:18,20:23:01,Elbert
2020-07-13,92.8,67.2,79.8,31.4,4.17,['rain'],56.6,382.5,20.7,8.0,05:44:20,20:23:16,El Paso
2020-07-13,89.2,68.0,77.9,30.2,16.67,['rain'],45.8,377.6,21.7,10.0,05:48:58,20:25:48,Fremont
2020-07-13,98.1,65.7,81.0,28.9,12.5,['rain'],11.6,342.6,25.9,10.0,05:55:38,20:39:01,Garfield
2020-07-13,81.8,60.2,69.6,39.6,0.0,,9.1,314.8,27.0,9.0,05:45:20,20:30:16,Gilpin
2020-07-13,83.5,52.3,66.6,42.3,4.17,['rain'],37.7,249.6,21.5,9.0,05:46:50,20:33:19,Grand
2020-07-13,81.7,52.7,69.1,42.7,8.33,['rain'],28.6,359.3,20.7,10.0,05:55:00,20:33:01,Gunnison
2020-07-13,77.9,55.3,67.3,35.6,8.33,['rain'],56.7,337.5,19.4,8.0,05:58:38,20:31:51,Hinsdale
2020-07-13,92.0,59.0,70.2,34.9,0.0,,14.1,236.5,13.6,6.0,05:49:16,20:21:49,Huerfano
2020-07-13,79.9,49.3,62.8,44.5,16.67,['rain'],48.5,394.5,22.7,10.0,05:46:08,20:35:52,Jackson
2020-07-13,93.6,67.8,80.3,28.8,8.33,['rain'],49.0,294.6,17.0,8.0,05:45:01,20:28:20,Jefferson
2020-07-13,101.4,68.6,84.2,45.5,0.0,,9.5,414.1,23.8,9.0,05:38:30,20:14:57,Kiowa
2020-07-13,98.2,65.8,79.3,57.5,16.67,['rain'],6.1,476.0,27.2,9.0,05:35:16,20:16:57,Kit Carson
2020-07-13,74.1,42.4,58.4,54.1,8.33,['rain'],40.7,244.2,20.9,8.0,05:50:33,20:31:38,Lake
2020-07-13,92.9,58.0,76.6,28.2,12.5,['rain'],8.7,292.5,25.1,10.0,06:01:54,20:32:15,La Plata
2020-07-13,94.2,65.0,77.4,36.6,0.0,,6.1,330.4,20.3,8.0,05:42:44,20:32:28,Larimer
2020-07-13,97.4,62.4,79.7,35.9,0.0,,3.8,396.5,22.9,10.0,05:46:37,20:17:09,Las Animas
2020-07-13,93.8,59.6,76.6,46.2,0.0,,8.8,315.8,27.2,10.0,05:39:47,20:19:40,Lincoln
2020-07-13,94.8,62.7,75.8,46.7,20.83,['rain'],15.6,216.5,16.3,10.0,05:32:58,20:23:07,Logan
2020-07-13,103.2,73.6,85.8,23.0,4.17,['rain'],4.1,347.0,21.2,9.0,05:59:32,20:39:33,Mesa
2020-07-13,77.5,52.7,63.8,40.4,8.33,['rain'],37.1,230.0,19.9,8.0,05:57:16,20:29:36,Mineral
2020-07-13,89.9,59.2,73.1,42.1,25.0,['rain'],18.1,457.0,26.4,10.0,05:53:54,20:43:05,Moffat
2020-07-13,93.9,59.8,78.3,31.4,4.17,['rain'],9.6,386.3,22.2,9.0,06:04:47,20:35:24,Montezuma
2020-07-13,93.4,65.9,78.5,32.1,8.33,['rain'],23.6,474.1,27.2,10.0,06:00:28,20:37:02,Montrose
2020-07-13,99.4,61.3,77.9,37.4,16.67,['rain'],6.6,280.5,15.9,7.0,05:37:15,20:24:34,Morgan
2020-07-13,99.9,61.9,81.8,44.1,0.0,,0.0,267.2,23.0,9.0,05:43:46,20:17:24,Otero
2020-07-13,85.0,60.8,71.0,34.5,4.17,['rain'],56.6,286.7,16.6,8.0,05:59:13,20:34:19,Ouray
2020-07-13,70.9,49.2,57.9,41.9,16.67,['rain'],39.6,225.9,19.5,8.0,05:48:16,20:28:52,Park
2020-07-13,98.7,65.5,79.7,53.0,16.67,['rain'],7.9,292.6,20.1,8.0,05:30:24,20:19:43,Phillips
2020-07-13,84.8,56.0,70.2,39.7,4.17,['rain'],44.7,433.5,26.6,10.0,05:52:46,20:33:56,Pitkin
2020-07-13,101.9,68.6,83.8,48.2,4.17,['rain'],10.9,375.5,27.1,10.0,05:38:15,20:12:18,Prowers
2020-07-13,100.8,66.8,84.5,30.4,0.0,,3.2,390.6,22.5,10.0,05:46:03,20:21:16,Pueblo
2020-07-13,88.2,60.4,73.7,38.4,12.5,['rain'],23.8,253.4,15.5,8.0,05:55:42,20:41:17,Rio Blanco
2020-07-13,74.7,53.8,63.8,46.0,29.17,['rain'],29.6,310.8,17.9,9.0,05:55:48,20:27:14,Rio Grande
2020-07-13,87.5,52.6,67.2,51.0,20.83,['rain'],37.2,343.3,19.7,10.0,05:49:18,20:37:56,Routt
2020-07-13,78.0,58.8,65.7,49.1,20.83,['rain'],32.9,355.5,21.8,9.0,05:53:28,20:27:55,Saguache
2020-07-13,81.8,57.2,68.6,34.5,0.0,,65.0,337.5,19.4,8.0,05:59:52,20:32:55,San Juan
2020-07-13,85.7,60.4,71.7,34.2,4.17,['rain'],52.3,332.5,19.2,9.0,06:02:15,20:36:34,San Miguel
2020-07-13,97.5,66.1,79.0,54.3,16.67,['rain'],7.4,215.0,18.6,8.0,05:29:35,20:20:36,Sedgwick
2020-07-13,71.1,52.3,58.8,41.9,16.67,['rain'],48.4,270.8,23.5,10.0,05:48:29,20:32:00,Summit
2020-07-13,89.8,66.2,78.8,28.5,4.17,['rain'],56.8,316.2,18.4,6.0,05:46:50,20:26:01,Teller
2020-07-13,97.1,66.4,79.6,41.1,4.17,['rain'],0.7,436.1,25.0,9.0,05:35:45,20:21:18,Washington
2020-07-13,97.0,60.0,75.1,45.5,16.67,['rain'],7.5,306.9,17.7,10.0,05:38:40,20:27:45,Weld
2020-07-13,101.7,63.4,79.1,52.9,12.5,['rain'],57.3,261.3,22.8,9.0,05:32:30,20:18:15,Yuma
2020-07-20,92.2,64.7,78.1,36.5,0.0,,38.0,446.5,25.8,10.0,05:46:00,20:21:03,Adams
2020-07-20,84.0,47.4,65.9,45.2,0.0,,1.6,458.2,26.4,10.0,05:57:59,20:20:47,Alamosa
2020-07-20,91.9,65.0,78.1,35.6,0.0,,37.7,466.4,27.0,9.0,05:46:38,20:20:25,Arapahoe
2020-07-20,79.9,49.3,65.2,42.8,8.33,['rain'],13.1,298.2,19.6,8.0,06:03:58,20:24:54,Archuleta
2020-07-20,92.9,62.1,76.2,62.8,8.33,['rain'],8.4,321.2,27.8,10.0,05:45:38,20:07:06,Baca
2020-07-20,95.2,64.7,78.3,53.0,4.17,['rain'],4.4,343.4,29.7,10.0,05:46:12,20:10:52,Bent
2020-07-20,84.9,60.8,71.6,47.1,0.0,,1.0,300.1,25.8,9.0,05:49:40,20:25:55,Boulder
2020-07-20,91.4,63.6,76.8,39.5,0.0,,6.7,306.1,26.3,9.0,05:48:40,20:24:09,Broomfield
2020-07-20,76.6,39.7,60.1,43.3,0.0,,16.1,201.8,17.6,8.0,05:57:02,20:25:56,Chaffee
2020-07-20,90.0,61.1,74.0,62.0,0.0,,0.0,284.9,24.8,10.0,05:41:55,20:11:21,Cheyenne
2020-07-20,60.8,45.6,52.1,47.9,0.0,,7.7,386.0,33.5,10.0,05:51:52,20:25:54,Clear Creek
2020-07-20,79.1,48.0,64.3,44.7,8.33,['rain'],5.5,219.4,12.4,9.0,06:00:26,20:21:26,Conejos
2020-07-20,80.1,46.8,63.1,46.7,0.0,,8.1,408.8,23.5,10.0,05:57:17,20:18:36,Costilla
2020-07-20,93.4,61.2,77.5,47.4,4.17,['rain'],2.6,390.6,22.5,10.0,05:48:01,20:14:43,Crowley
2020-07-20,85.6,52.0,69.7,40.9,0.0,,8.2,381.0,21.9,10.0,05:54:56,20:20:29,Custer
2020-07-20,96.9,63.3,80.0,24.7,0.0,,1.7,449.3,24.3,9.0,06:02:54,20:32:27,Delta
2020-07-20,91.8,65.0,77.9,35.8,0.0,,37.5,457.6,26.5,9.0,05:48:31,20:22:56,Denver
2020-07-20,87.6,56.3,71.2,32.5,4.17,['rain'],12.1,223.6,19.1,8.0,06:08:30,20:32:12,Dolores
2020-07-20,89.6,65.2,76.6,33.3,0.0,,36.4,400.5,24.3,10.0,05:49:53,20:21:56,Douglas
2020-07-20,86.8,49.9,69.0,33.4,0.0,,2.9,470.6,30.7,10.0,05:56:08,20:29:50,Eagle
2020-07-20,87.2,55.8,71.5,52.0,4.17,['rain'],7.2,481.1,27.7,9.0,05:46:42,20:18:40,Elbert
2020-07-20,90.2,56.3,73.7,40.4,4.17,['rain'],36.6,380.8,22.0,9.0,05:49:38,20:19:01,El Paso
2020-07-20,86.4,58.0,73.0,36.6,4.17,['rain'],27.7,394.6,22.8,8.0,05:54:12,20:21:36,Fremont
2020-07-20,95.2,56.2,77.1,26.8,0.0,,0.1,388.9,27.9,10.0,06:01:05,20:34:36,Garfield
2020-07-20,73.6,52.4,62.2,44.7,0.0,,4.3,406.3,35.1,10.0,05:50:50,20:25:48,Gilpin
2020-07-20,79.5,42.7,62.1,40.6,0.0,,0.6,352.5,30.6,10.0,05:52:22,20:28:48,Grand
2020-07-20,83.0,45.4,64.6,44.7,0.0,,9.7,405.3,29.2,10.0,06:00:16,20:28:47,Gunnison
2020-07-20,75.7,51.4,64.1,34.8,8.33,['rain'],19.6,302.8,17.4,7.0,06:03:44,20:27:47,Hinsdale
2020-07-20,87.2,50.4,66.4,45.9,0.0,,12.0,340.9,19.6,9.0,05:54:21,20:17:46,Huerfano
2020-07-20,79.0,43.0,63.5,33.4,0.0,,7.0,521.2,30.0,10.0,05:51:47,20:31:14,Jackson
2020-07-20,91.4,65.6,77.9,33.5,0.0,,29.6,358.8,20.8,9.0,05:50:27,20:23:55,Jefferson
2020-07-20,96.3,65.6,78.5,53.8,4.17,['rain'],6.2,298.4,25.6,9.0,05:43:43,20:10:46,Kiowa
2020-07-20,90.1,61.9,74.1,62.1,8.33,['rain'],0.6,370.8,21.3,9.0,05:40:39,20:12:36,Kit Carson
2020-07-20,74.0,36.2,56.4,45.3,0.0,,8.7,294.8,25.5,9.0,05:55:55,20:27:18,Lake
2020-07-20,88.0,54.6,70.9,38.7,4.17,['rain'],2.4,251.3,21.8,9.0,06:06:55,20:28:16,La Plata
2020-07-20,90.5,60.3,74.2,48.3,0.0,,2.1,464.2,28.3,10.0,05:48:24,20:27:51,Larimer
2020-07-20,91.4,57.6,74.7,44.4,0.0,,2.3,341.9,29.3,10.0,05:51:38,20:13:10,Las Animas
2020-07-20,88.9,55.9,71.8,53.7,4.17,['rain'],3.8,427.1,24.8,10.0,05:45:06,20:15:22,Lincoln
2020-07-20,85.3,61.0,72.2,61.9,0.0,,11.7,312.3,24.6,8.0,05:38:38,20:18:28,Logan
2020-07-20,97.9,63.1,83.2,19.7,0.0,,2.2,490.8,30.1,10.0,06:04:52,20:35:15,Mesa
2020-07-20,72.4,48.6,59.4,44.4,8.33,['rain'],18.9,288.8,24.9,8.0,06:02:21,20:25:34,Mineral
2020-07-20,89.8,48.5,70.9,33.1,0.0,,0.6,300.1,25.9,9.0,05:59:33,20:38:29,Moffat
2020-07-20,92.2,55.7,73.7,36.3,4.17,['rain'],4.9,432.4,24.8,10.0,06:09:48,20:31:25,Montezuma
2020-07-20,93.0,61.7,76.9,27.3,0.0,,2.6,477.0,27.4,10.0,06:05:41,20:32:51,Montrose
2020-07-20,90.5,58.1,74.3,50.5,0.0,,1.0,410.7,23.7,8.0,05:42:49,20:20:02,Morgan
2020-07-20,95.0,60.8,77.6,52.6,0.0,,1.1,301.6,25.9,9.0,05:48:54,20:13:19,Otero
2020-07-20,84.2,55.3,69.8,28.6,0.0,,15.1,302.8,17.4,7.0,06:04:23,20:30:11,Ouray
2020-07-20,66.4,49.3,57.3,34.9,0.0,,33.1,398.4,22.9,10.0,05:53:37,20:24:33,Park
2020-07-20,95.0,62.6,74.0,68.4,0.0,,23.1,430.8,24.8,9.0,05:36:02,20:15:07,Phillips
2020-07-20,83.9,46.1,66.6,35.6,0.0,,8.7,469.7,31.9,10.0,05:58:09,20:29:36,Pitkin
2020-07-20,96.3,65.4,78.3,56.1,12.5,['rain'],7.0,323.7,27.8,9.0,05:43:23,20:08:12,Prowers
2020-07-20,96.4,56.9,77.8,41.1,4.17,['rain'],1.1,467.8,26.7,9.0,05:51:13,20:17:08,Pueblo
2020-07-20,89.8,50.2,71.9,30.5,0.0,,0.0,502.6,30.9,10.0,06:01:13,20:36:47,Rio Blanco
2020-07-20,71.5,49.8,62.1,43.2,8.33,['rain'],14.0,234.3,13.4,9.0,06:00:51,20:23:14,Rio Grande
2020-07-20,85.5,47.8,67.5,38.6,0.0,,0.0,508.4,29.3,10.0,05:54:55,20:33:21,Routt
2020-07-20,83.1,50.9,66.9,37.9,0.0,,10.4,530.4,32.4,10.0,05:58:37,20:23:48,Saguache
2020-07-20,77.8,53.1,66.5,30.7,4.17,['rain'],20.2,302.8,17.4,7.0,06:04:58,20:28:51,San Juan
2020-07-20,85.6,55.3,70.2,29.5,0.0,,14.1,434.6,25.0,10.0,06:07:24,20:32:28,San Miguel
2020-07-20,89.9,61.8,73.5,67.4,0.0,,26.4,281.4,24.3,9.0,05:35:17,20:15:56,Sedgwick
2020-07-20,65.8,50.0,57.5,35.7,0.0,,12.0,530.9,32.5,10.0,05:53:56,20:27:35,Summit
2020-07-20,87.3,56.9,72.8,37.0,4.17,['rain'],35.8,382.3,21.9,9.0,05:52:08,20:21:45,Teller
2020-07-20,92.5,58.1,74.4,56.6,0.0,,0.0,464.0,26.6,9.0,05:41:16,20:16:49,Washington
2020-07-20,89.7,57.9,73.7,55.5,0.0,,3.6,358.3,20.5,9.0,05:44:18,20:23:09,Weld
2020-07-20,94.9,60.9,75.9,60.3,0.0,,15.4,281.0,24.3,8.0,05:38:01,20:13:46,Yuma
2020-07-27,84.6,57.5,71.1,62.2,0.0,,52.5,425.6,24.5,10.0,05:52:02,20:15:09,Adams
2020-07-27,69.9,55.7,60.8,80.9,37.5,['rain'],81.9,212.4,11.5,5.0,06:03:30,20:15:23,Alamosa
2020-07-27,84.5,57.8,71.1,61.8,0.0,,53.6,368.5,19.9,9.0,05:52:37,20:14:34,Arapahoe
2020-07-27,77.3,56.0,61.8,83.4,50.0,['rain'],72.7,344.6,21.1,10.0,06:09:25,20:19:35,Archuleta
2020-07-27,77.0,65.1,70.1,86.3,8.33,['rain'],58.7,125.0,10.8,6.0,05:51:06,20:01:46,Baca
2020-07-27,75.3,68.3,71.6,83.4,20.83,['rain'],52.0,105.3,8.8,4.0,05:51:48,20:05:24,Bent
2020-07-27,79.8,50.7,65.2,71.4,0.0,,12.7,268.0,23.0,8.0,05:55:45,20:19:58,Boulder
2020-07-27,87.2,58.5,72.8,57.6,0.0,,19.5,279.7,23.9,9.0,05:54:43,20:18:13,Broomfield
2020-07-27,70.2,51.5,57.8,73.1,16.67,['rain'],63.4,286.7,21.7,10.0,06:02:49,20:20:17,Chaffee
2020-07-27,82.1,66.8,72.9,76.6,8.33,['rain'],47.8,261.0,20.7,8.0,05:47:43,20:05:40,Cheyenne
2020-07-27,54.0,42.7,47.9,52.4,0.0,,33.4,347.7,29.8,9.0,05:57:52,20:20:02,Clear Creek
2020-07-27,67.1,53.8,58.8,82.5,54.17,['rain'],77.9,188.1,10.3,5.0,06:05:53,20:16:07,Conejos
2020-07-27,70.1,52.6,57.0,85.2,29.17,['rain'],90.3,160.1,9.3,6.0,06:02:45,20:13:16,Costilla
2020-07-27,77.0,65.9,71.1,78.0,20.83,['rain'],43.9,256.4,14.7,6.0,05:53:42,20:09:10,Crowley
2020-07-27,73.5,57.7,63.2,80.9,37.5,['rain'],54.4,152.6,8.8,3.0,06:00:35,20:14:59,Custer
2020-07-27,92.1,66.0,77.9,39.1,0.0,,14.7,387.1,22.1,9.0,06:08:42,20:26:46,Delta
2020-07-27,84.8,57.9,71.1,62.2,0.0,,53.7,409.0,23.5,9.0,05:54:31,20:17:03,Denver
2020-07-27,77.3,57.7,66.4,65.6,29.17,['rain'],54.3,354.9,23.0,10.0,06:14:03,20:26:46,Dolores
2020-07-27,82.3,58.4,70.1,60.9,0.0,,59.4,384.4,22.3,9.0,05:55:48,20:16:09,Douglas
2020-07-27,85.5,54.6,71.2,40.1,0.0,,7.0,372.9,26.8,9.0,06:02:06,20:23:58,Eagle
2020-07-27,78.7,60.6,69.2,70.4,0.0,,60.7,389.7,22.5,9.0,05:52:36,20:12:53,Elbert
2020-07-27,78.5,60.8,68.1,71.7,16.67,['rain'],71.7,333.2,19.3,9.0,05:55:26,20:13:20,El Paso
2020-07-27,77.5,60.4,66.5,72.1,25.0,['rain'],58.9,267.1,18.6,10.0,05:59:55,20:16:01,Fremont
2020-07-27,94.9,62.4,79.8,31.9,0.0,,6.5,333.0,23.9,10.0,06:07:03,20:28:45,Garfield
2020-07-27,86.6,44.5,57.1,59.2,12.5,['rain'],22.2,295.6,25.4,8.0,05:56:52,20:19:54,Gilpin
2020-07-27,77.7,42.6,59.4,52.1,0.0,,13.0,295.0,25.2,10.0,05:58:28,20:22:49,Grand
2020-07-27,79.8,55.3,65.3,62.8,16.67,['rain'],39.1,236.2,20.4,10.0,06:06:02,20:23:09,Gunnison
2020-07-27,67.3,52.8,58.4,76.5,54.17,['rain'],69.6,268.6,14.6,6.0,06:09:19,20:22:20,Hinsdale
2020-07-27,76.5,52.8,59.1,85.8,37.5,['rain'],79.2,174.7,9.3,4.0,05:59:54,20:12:21,Huerfano
2020-07-27,81.0,40.5,62.5,44.7,0.0,,15.6,388.8,26.6,9.0,05:58:01,20:25:08,Jackson
2020-07-27,85.9,58.6,71.2,59.5,0.0,,48.9,335.3,19.4,9.0,05:56:26,20:18:05,Jefferson
2020-07-27,74.9,68.4,71.8,85.1,20.83,['rain'],55.6,88.1,7.2,3.0,05:49:25,20:05:12,Kiowa
2020-07-27,81.9,67.0,73.0,76.9,8.33,['rain'],48.8,272.1,21.6,9.0,05:46:33,20:06:49,Kit Carson
2020-07-27,68.0,45.1,54.8,72.7,0.0,,41.9,249.5,21.6,9.0,06:01:48,20:21:33,Lake
2020-07-27,80.0,58.4,66.0,72.3,20.83,['rain'],52.4,277.1,23.9,10.0,06:12:22,20:22:56,La Plata
2020-07-27,85.8,58.0,71.4,63.1,0.0,,26.1,453.5,26.1,10.0,05:54:37,20:21:45,Larimer
2020-07-27,76.8,61.6,67.5,77.3,25.0,['rain'],75.9,308.5,17.9,8.0,05:57:07,20:07:50,Las Animas
2020-07-27,79.6,61.1,69.1,72.3,0.0,,54.7,358.6,20.7,8.0,05:50:57,20:09:40,Lincoln
2020-07-27,85.5,61.9,73.3,70.1,0.0,,41.6,276.3,23.9,9.0,05:44:53,20:12:21,Logan
2020-07-27,92.2,71.4,82.2,31.8,0.0,,8.1,405.7,23.4,9.0,06:10:43,20:29:32,Mesa
2020-07-27,62.7,48.8,52.8,89.5,41.67,['rain'],72.1,150.2,13.0,6.0,06:07:53,20:20:09,Mineral
2020-07-27,91.0,55.1,75.1,33.2,0.0,,1.4,304.0,26.3,10.0,06:05:45,20:32:24,Moffat
2020-07-27,86.8,60.0,71.6,61.6,16.67,['rain'],46.4,320.8,18.3,10.0,06:15:17,20:26:04,Montezuma
2020-07-27,86.2,64.0,74.5,45.2,16.67,['rain'],17.8,349.1,20.2,9.0,06:11:24,20:27:17,Montrose
2020-07-27,87.2,62.3,73.5,61.7,0.0,,41.3,363.9,20.9,7.0,05:48:57,20:14:02,Morgan
2020-07-27,75.9,65.7,70.1,84.0,0.0,,44.3,181.0,15.7,7.0,05:54:29,20:07:52,Otero
2020-07-27,75.5,57.3,64.8,61.2,16.67,['rain'],50.4,168.1,14.6,6.0,06:10:02,20:24:40,Ouray
2020-07-27,59.6,45.8,51.2,73.4,0.0,,59.5,173.5,13.8,6.0,05:59:29,20:18:49,Park
2020-07-27,86.0,68.1,75.6,72.8,0.0,,50.3,320.1,21.9,9.0,05:42:14,20:09:02,Phillips
2020-07-27,82.1,52.1,69.0,44.6,0.0,,12.7,311.1,25.9,10.0,06:04:02,20:23:50,Pitkin
2020-07-27,75.3,68.8,71.5,87.1,25.0,['rain'],57.6,111.5,9.7,5.0,05:48:59,20:02:43,Prowers
2020-07-27,79.7,64.9,71.3,75.6,29.17,['rain'],33.4,278.2,17.0,8.0,05:56:53,20:11:37,Pueblo
2020-07-27,91.3,53.0,73.6,35.1,0.0,,3.8,397.6,24.4,9.0,06:07:17,20:30:51,Rio Blanco
2020-07-27,62.9,51.0,55.4,85.3,58.33,['rain'],66.1,186.3,10.0,6.0,06:06:22,20:17:51,Rio Grande
2020-07-27,86.5,53.1,71.4,39.1,0.0,,7.4,467.1,26.9,10.0,06:01:06,20:27:18,Routt
2020-07-27,69.8,55.4,60.4,80.9,33.33,['rain'],55.0,364.1,21.1,9.0,06:04:14,20:18:19,Saguache
2020-07-27,70.1,54.2,60.7,71.2,33.33,['rain'],66.0,268.6,14.6,6.0,06:10:32,20:23:24,San Juan
2020-07-27,87.6,57.7,66.5,59.9,25.0,['rain'],47.9,347.5,18.7,10.0,06:13:01,20:26:58,San Miguel
2020-07-27,85.5,65.7,74.7,71.9,0.0,,51.5,283.9,24.3,9.0,05:41:34,20:09:47,Sedgwick
2020-07-27,66.7,51.1,56.2,49.4,0.0,,38.7,320.8,25.4,10.0,05:59:54,20:21:44,Summit
2020-07-27,76.6,59.0,66.6,70.9,12.5,['rain'],63.8,327.3,18.6,9.0,05:57:57,20:16:04,Teller
2020-07-27,82.8,63.2,72.5,69.4,0.0,,46.2,323.1,24.3,9.0,05:47:19,20:10:53,Washington
2020-07-27,88.3,59.8,73.2,64.3,0.0,,33.5,453.5,26.0,9.0,05:50:30,20:17:05,Weld
2020-07-27,85.9,67.8,74.8,72.1,0.0,,43.1,234.6,20.2,8.0,05:44:05,20:07:50,Yuma
2020-08-03,88.5,58.3,73.5,52.0,0.0,,35.5,436.4,23.7,9.0,05:58:25,20:07:56,Adams
2020-08-03,83.0,44.6,64.2,53.0,8.33,['rain'],18.5,480.5,26.0,9.0,06:09:18,20:08:45,Alamosa
2020-08-03,88.2,58.5,73.3,51.9,0.0,,35.2,410.5,22.3,8.0,05:58:56,20:07:25,Arapahoe
2020-08-03,80.1,51.5,66.5,49.2,8.33,['rain'],5.9,241.0,20.8,10.0,06:15:08,20:13:02,Archuleta
2020-08-03,86.0,56.1,70.5,64.4,4.17,['rain'],11.9,287.8,25.0,9.0,05:56:51,19:55:12,Baca
2020-08-03,86.6,60.7,72.7,60.7,0.0,,13.8,447.9,25.9,10.0,05:57:41,19:58:41,Bent
2020-08-03,76.1,50.4,64.1,68.9,4.17,['rain'],5.2,228.2,19.5,7.0,06:02:11,20:12:41,Boulder
2020-08-03,86.3,57.3,72.3,55.0,0.0,,12.2,238.4,20.4,8.0,06:01:07,20:10:59,Broomfield
2020-08-03,78.5,53.1,63.1,40.6,4.17,['rain'],16.2,262.0,20.7,9.0,06:08:54,20:13:21,Chaffee
2020-08-03,83.0,59.0,69.3,62.2,0.0,,41.0,409.8,23.7,9.0,05:53:50,19:58:44,Cheyenne
2020-08-03,62.8,46.2,53.0,52.4,4.17,['rain'],37.0,311.3,26.5,9.0,06:04:12,20:12:52,Clear Creek
2020-08-03,78.6,45.1,62.4,54.0,8.33,['rain'],22.6,368.1,19.8,10.0,06:11:36,20:09:34,Conejos
2020-08-03,80.1,45.9,62.5,51.4,8.33,['rain'],20.5,298.5,17.1,10.0,06:08:29,20:06:42,Costilla
2020-08-03,84.8,59.9,72.5,62.2,0.0,,11.6,339.8,19.5,10.0,05:59:41,20:02:21,Crowley
2020-08-03,80.2,53.5,65.7,60.3,8.33,['rain'],21.6,322.9,18.6,10.0,06:06:30,20:08:13,Custer
2020-08-03,97.5,67.7,82.4,22.9,0.0,,0.6,349.2,20.2,10.0,06:14:49,20:19:48,Delta
2020-08-03,87.9,58.4,73.0,52.7,0.0,,34.2,393.9,22.6,9.0,06:00:52,20:09:52,Denver
2020-08-03,88.0,61.5,73.7,33.9,4.17,['rain'],18.9,523.9,30.2,10.0,06:19:54,20:20:05,Dolores
2020-08-03,82.7,56.3,68.9,56.8,4.17,['rain'],32.1,405.1,23.3,9.0,06:02:02,20:09:05,Douglas
2020-08-03,83.9,54.5,68.6,35.4,0.0,,11.2,278.7,20.1,9.0,06:08:25,20:16:49,Eagle
2020-08-03,78.7,54.7,65.3,67.2,0.0,,36.8,279.0,16.2,9.0,05:58:50,20:05:49,Elbert
2020-08-03,74.6,57.6,64.4,72.5,8.33,['rain'],66.1,161.2,8.6,6.0,06:01:33,20:06:24,El Paso
2020-08-03,72.0,57.3,63.3,73.5,12.5,['rain'],58.5,353.8,20.4,9.0,06:05:56,20:09:10,Fremont
2020-08-03,97.0,59.6,78.6,22.6,0.0,,0.0,349.1,25.2,10.0,06:13:22,20:21:37,Garfield
2020-08-03,66.9,46.2,56.2,67.4,4.17,['rain'],26.7,263.0,22.5,7.0,06:03:14,20:12:41,Gilpin
2020-08-03,77.0,43.1,60.0,50.1,4.17,['rain'],20.7,202.8,17.5,7.0,06:04:55,20:15:32,Grand
2020-08-03,83.7,51.1,68.0,42.4,0.0,,6.7,256.0,21.2,9.0,06:12:06,20:16:15,Gunnison
2020-08-03,75.1,56.5,65.1,40.3,12.5,['rain'],34.1,360.3,19.5,9.0,06:15:10,20:15:38,Hinsdale
2020-08-03,83.2,51.7,65.0,56.3,8.33,['rain'],16.4,308.9,17.9,10.0,06:05:44,20:05:41,Huerfano
2020-08-03,80.2,40.8,64.2,39.3,0.0,,20.4,260.7,22.4,10.0,06:04:36,20:17:42,Jackson
2020-08-03,86.9,58.4,72.6,51.2,0.0,,30.4,362.1,21.1,9.0,06:02:44,20:10:56,Jefferson
2020-08-03,86.2,60.5,72.0,61.6,0.0,,20.5,376.8,21.9,8.0,05:55:25,19:58:22,Kiowa
2020-08-03,82.5,58.8,69.1,62.9,16.67,['rain'],41.2,442.1,25.4,9.0,05:52:47,19:59:45,Kit Carson
2020-08-03,74.9,39.2,56.7,51.3,4.17,['rain'],18.1,257.4,22.1,7.0,06:08:00,20:14:30,Lake
2020-08-03,91.6,56.2,73.3,41.1,0.0,,0.0,302.1,26.1,10.0,06:18:06,20:16:22,La Plata
2020-08-03,82.4,54.9,69.0,64.7,0.0,,11.2,358.7,20.6,9.0,06:01:12,20:14:19,Larimer
2020-08-03,86.8,55.8,70.7,52.2,4.17,['rain'],3.3,430.1,24.8,10.0,06:02:51,20:01:15,Las Animas
2020-08-03,80.0,56.0,65.2,69.7,0.0,,45.8,409.8,23.7,9.0,05:57:06,20:02:41,Lincoln
2020-08-03,85.9,59.8,72.1,54.0,0.0,,16.2,270.8,23.3,9.0,05:51:29,20:04:55,Logan
2020-08-03,100.6,70.8,85.8,16.8,0.0,,0.1,512.1,27.9,9.0,06:16:52,20:22:32,Mesa
2020-08-03,68.1,47.0,58.2,54.7,8.33,['rain'],26.0,225.1,19.5,9.0,06:13:42,20:13:30,Mineral
2020-08-03,94.7,52.0,74.9,28.8,0.0,,1.3,498.9,28.8,10.0,06:12:19,20:25:00,Moffat
2020-08-03,93.2,61.9,78.3,33.5,0.0,,0.0,523.1,30.1,10.0,06:21:02,20:19:29,Montezuma
2020-08-03,94.6,65.4,79.3,27.0,0.0,,5.7,464.6,26.8,9.0,06:17:24,20:20:26,Montrose
2020-08-03,86.1,55.4,71.3,52.7,0.0,,2.6,318.1,18.3,7.0,05:55:26,20:06:42,Morgan
2020-08-03,86.7,57.6,72.8,62.9,0.0,,1.1,336.4,25.4,9.0,06:00:22,20:01:09,Otero
2020-08-03,84.9,62.1,71.3,32.3,4.17,['rain'],32.8,434.3,23.5,10.0,06:15:59,20:17:53,Ouray
2020-08-03,66.1,47.7,55.5,48.1,4.17,['rain'],30.2,215.1,18.4,8.0,06:05:40,20:11:47,Park
2020-08-03,80.6,59.0,68.9,66.9,16.67,['rain'],38.6,383.8,23.6,9.0,05:48:49,20:01:37,Phillips
2020-08-03,87.1,52.0,69.5,32.2,0.0,,10.5,280.7,21.2,9.0,06:10:14,20:16:48,Pitkin
2020-08-03,85.6,60.1,71.2,63.5,4.17,['rain'],25.1,269.8,23.4,9.0,05:54:53,19:56:00,Prowers
2020-08-03,80.7,60.0,70.6,68.4,0.0,,25.0,244.8,18.4,9.0,06:02:49,20:04:50,Pueblo
2020-08-03,92.6,51.5,74.2,26.3,0.0,,0.0,387.5,23.6,8.0,06:13:41,20:23:37,Rio Blanco
2020-08-03,71.7,47.0,59.6,56.1,8.33,['rain'],28.8,305.9,16.5,10.0,06:12:08,20:11:14,Rio Grande
2020-08-03,90.5,52.4,70.9,34.9,0.0,,6.0,435.7,24.9,10.0,06:07:38,20:19:55,Routt
2020-08-03,80.2,48.3,62.7,53.6,0.0,,17.3,426.0,24.3,10.0,06:10:09,20:11:34,Saguache
2020-08-03,79.7,59.4,68.0,35.4,4.17,['rain'],40.1,452.7,24.5,10.0,06:16:23,20:16:43,San Juan
2020-08-03,86.1,62.5,72.1,32.5,4.17,['rain'],29.6,434.3,23.5,10.0,06:18:56,20:20:14,San Miguel
2020-08-03,81.4,58.5,69.3,61.3,12.5,['rain'],33.6,274.9,23.8,9.0,05:48:12,20:02:18,Sedgwick
2020-08-03,65.4,52.1,58.1,39.6,8.33,['rain'],32.8,254.1,21.9,10.0,06:06:13,20:14:35,Summit
2020-08-03,71.9,57.6,62.9,75.5,12.5,['rain'],67.9,313.4,18.0,8.0,06:04:04,20:09:07,Teller
2020-08-03,84.3,57.9,70.5,58.3,0.0,,2.6,454.8,26.2,9.0,05:53:43,20:03:39,Washington
2020-08-03,86.6,55.2,71.3,62.0,8.33,['rain'],11.1,296.3,25.5,9.0,05:57:04,20:09:41,Weld
2020-08-03,81.5,57.5,69.5,59.1,16.67,['rain'],37.8,269.1,23.2,8.0,05:50:29,20:00:35,Yuma
2020-08-10,88.2,60.3,73.8,37.9,0.0,,39.0,449.1,24.2,9.0,06:04:59,19:59:34,Adams
2020-08-10,85.2,43.2,65.6,32.5,0.0,,0.7,507.4,27.5,9.0,06:15:14,20:01:01,Alamosa
2020-08-10,88.2,60.1,73.8,37.0,0.0,,39.6,414.9,22.5,8.0,06:05:26,19:59:07,Arapahoe
2020-08-10,84.1,48.5,67.1,27.6,0.0,,1.7,412.3,35.1,8.0,06:20:58,20:05:24,Archuleta
2020-08-10,93.9,66.0,80.5,41.8,0.0,,0.0,322.2,27.7,10.0,06:02:43,19:47:32,Baca
2020-08-10,96.4,60.9,79.6,38.2,0.0,,0.0,468.4,27.1,10.0,06:03:43,19:50:51,Bent
2020-08-10,79.4,58.9,68.1,47.9,0.0,,4.2,260.7,22.5,8.0,06:08:48,20:04:16,Boulder
2020-08-10,86.5,62.9,73.9,40.5,0.0,,7.9,262.0,22.4,8.0,06:07:42,20:02:36,Broomfield
2020-08-10,76.7,58.4,66.1,15.3,0.0,,41.7,306.6,22.2,10.0,06:15:09,20:05:18,Chaffee
2020-08-10,88.1,65.9,75.5,52.8,0.0,,4.3,277.6,16.0,8.0,06:00:06,19:50:39,Cheyenne
2020-08-10,57.8,44.4,50.5,49.8,0.0,,44.2,230.2,19.5,7.0,06:10:42,20:04:33,Clear Creek
2020-08-10,82.3,44.7,64.4,31.2,0.0,,3.2,443.2,23.8,10.0,06:17:27,20:01:55,Conejos
2020-08-10,83.9,46.5,63.2,31.2,0.0,,7.0,286.1,16.4,8.0,06:14:20,19:59:03,Costilla
2020-08-10,95.5,60.6,79.4,31.2,0.0,,3.6,380.8,22.0,9.0,06:05:49,19:54:25,Crowley
2020-08-10,85.0,55.9,71.1,27.0,0.0,,5.0,376.4,20.5,9.0,06:12:35,20:00:21,Custer
2020-08-10,95.5,58.0,78.0,19.5,0.0,,0.5,421.1,24.2,9.0,06:21:06,20:11:44,Delta
2020-08-10,88.3,59.3,73.5,36.9,0.0,,39.3,407.5,22.1,8.0,06:07:24,20:01:32,Denver
2020-08-10,84.5,52.4,69.4,26.3,0.0,,5.1,468.4,27.0,10.0,06:25:53,20:12:18,Dolores
2020-08-10,82.5,59.9,71.0,31.4,8.33,['rain'],29.7,364.4,20.9,8.0,06:08:26,20:00:53,Douglas
2020-08-10,74.6,51.2,64.9,21.4,0.0,,20.4,378.9,27.3,10.0,06:14:55,20:08:32,Eagle
2020-08-10,86.6,60.1,72.4,31.9,8.33,['rain'],9.4,366.5,19.6,9.0,06:05:14,19:57:37,Elbert
2020-08-10,90.6,64.9,76.9,23.0,0.0,,43.5,309.5,16.7,9.0,06:07:49,19:58:20,El Paso
2020-08-10,88.3,67.5,76.1,20.4,0.0,,28.5,384.2,22.1,9.0,06:12:06,20:01:12,Fremont
2020-08-10,93.5,53.0,74.1,18.0,0.0,,6.6,373.7,24.1,10.0,06:19:51,20:13:20,Garfield
2020-08-10,66.3,50.7,57.4,47.9,0.0,,31.7,278.8,23.7,8.0,06:09:48,20:04:20,Gilpin
2020-08-10,77.7,40.6,58.7,36.3,0.0,,7.9,267.5,23.1,8.0,06:11:32,20:07:07,Grand
2020-08-10,82.9,43.7,64.5,31.8,0.0,,1.2,326.3,25.7,10.0,06:18:19,20:08:13,Gunnison
2020-08-10,77.4,49.9,63.7,26.5,0.0,,10.5,333.7,17.9,8.0,06:21:10,20:07:50,Hinsdale
2020-08-10,88.2,55.9,67.2,28.9,0.0,,10.5,373.1,20.3,8.0,06:11:42,19:57:55,Huerfano
2020-08-10,80.7,38.6,60.7,26.5,0.0,,1.1,368.9,27.9,9.0,06:11:23,20:09:07,Jackson
2020-08-10,87.6,60.8,73.8,35.2,0.0,,33.9,258.7,14.0,6.0,06:09:12,20:02:39,Jefferson
2020-08-10,96.3,61.7,79.3,40.9,0.0,,0.0,401.8,23.1,8.0,06:01:34,19:50:25,Kiowa
2020-08-10,87.3,65.9,75.2,54.0,0.0,,3.8,325.9,18.9,9.0,05:59:11,19:51:33,Kit Carson
2020-08-10,71.1,40.0,58.4,25.6,0.0,,38.1,219.3,19.0,7.0,06:14:22,20:06:20,Lake
2020-08-10,88.6,51.4,71.4,25.3,0.0,,0.1,317.9,27.4,9.0,06:23:58,20:08:42,La Plata
2020-08-10,84.1,61.4,72.1,46.2,0.0,,0.3,334.1,19.2,9.0,06:07:59,20:05:44,Larimer
2020-08-10,89.1,63.2,76.6,27.2,0.0,,1.4,512.4,29.6,10.0,06:08:43,19:53:35,Las Animas
2020-08-10,88.0,62.7,74.8,33.7,0.0,,6.5,277.6,16.0,8.0,06:03:24,19:54:34,Lincoln
2020-08-10,85.8,58.7,72.3,57.4,0.0,,0.5,348.4,24.9,9.0,05:58:17,19:56:18,Logan
2020-08-10,97.0,63.5,80.3,13.3,0.0,,0.1,513.5,27.4,9.0,06:23:11,20:14:25,Mesa
2020-08-10,73.8,48.9,61.0,27.8,0.0,,11.6,249.8,21.5,9.0,06:19:40,20:05:44,Mineral
2020-08-10,91.0,47.3,70.7,23.2,0.0,,0.0,331.4,28.5,10.0,06:19:04,20:16:26,Moffat
2020-08-10,91.3,48.7,71.9,28.9,0.0,,0.0,504.3,28.8,10.0,06:26:54,20:11:49,Montezuma
2020-08-10,91.0,56.6,75.2,22.7,0.0,,2.6,324.1,21.1,8.0,06:23:33,20:12:28,Montrose
2020-08-10,85.7,58.5,72.1,48.3,0.0,,0.3,363.1,20.9,7.0,06:02:06,19:58:14,Morgan
2020-08-10,95.6,58.6,78.3,36.6,0.0,,0.0,393.4,22.6,9.0,06:06:23,19:53:20,Otero
2020-08-10,81.1,52.9,67.7,25.0,0.0,,9.3,333.9,17.9,8.0,06:22:04,20:10:00,Ouray
2020-08-10,68.7,52.6,58.8,20.4,0.0,,42.2,290.7,21.9,9.0,06:12:01,20:03:38,Park
2020-08-10,84.3,60.7,72.0,68.2,0.0,,2.9,398.9,23.1,7.0,05:55:34,19:53:04,Phillips
2020-08-10,84.7,47.9,67.6,23.5,0.0,,1.4,283.9,24.5,9.0,06:16:37,20:08:37,Pitkin
2020-08-10,95.5,63.0,79.1,43.7,0.0,,0.2,303.1,26.2,9.0,06:00:55,19:48:10,Prowers
2020-08-10,95.7,61.5,79.0,28.0,0.0,,1.4,385.8,22.3,9.0,06:08:55,19:56:56,Pueblo
2020-08-10,90.4,48.3,71.0,20.3,0.0,,1.2,511.0,29.4,10.0,06:20:16,20:15:13,Rio Blanco
2020-08-10,77.1,49.2,63.1,28.6,0.0,,7.6,314.9,17.1,10.0,06:18:03,20:03:31,Rio Grande
2020-08-10,86.5,45.5,67.5,24.9,0.0,,0.2,471.7,27.2,9.0,06:14:22,20:11:23,Routt
2020-08-10,82.4,51.7,68.4,24.0,0.0,,2.1,463.9,24.9,10.0,06:16:12,20:03:42,Saguache
2020-08-10,78.3,50.9,64.8,26.2,0.0,,10.6,333.7,17.9,8.0,06:22:22,20:08:56,San Juan
2020-08-10,81.9,52.1,67.9,25.8,0.0,,8.5,467.1,25.2,10.0,06:24:59,20:12:23,San Miguel
2020-08-10,84.0,61.1,72.3,65.2,0.0,,2.5,294.3,25.3,9.0,05:55:03,19:53:40,Sedgwick
2020-08-10,65.3,50.8,57.2,25.3,0.0,,46.6,352.6,26.7,9.0,06:12:42,20:06:17,Summit
2020-08-10,88.1,64.3,75.0,21.0,0.0,,35.8,309.7,17.9,8.0,06:10:21,20:01:02,Teller
2020-08-10,84.9,58.0,71.2,57.1,0.0,,0.0,421.2,24.2,8.0,06:00:18,19:55:16,Washington
2020-08-10,86.8,60.1,73.0,49.6,0.0,,1.1,406.2,26.3,9.0,06:03:49,20:01:08,Weld
2020-08-10,87.4,55.9,72.5,59.2,0.0,,0.3,311.8,23.6,8.0,05:57:05,19:52:11,Yuma
2020-08-17,95.4,64.6,80.0,38.8,0.0,,39.6,447.7,22.8,9.0,06:11:36,19:50:14,Adams
2020-08-17,85.0,51.5,69.4,37.3,0.0,,12.0,495.4,24.9,9.0,06:21:12,19:52:21,Alamosa
2020-08-17,95.1,64.1,79.8,38.5,0.0,,40.4,408.7,22.0,8.0,06:11:59,19:49:51,Arapahoe
2020-08-17,85.0,53.2,67.4,43.8,4.17,['rain'],32.3,209.5,18.7,3.0,06:26:50,19:56:50,Archuleta
2020-08-17,91.1,61.1,75.1,45.1,0.0,,1.1,550.5,21.7,9.0,06:08:36,19:38:56,Baca
2020-08-17,95.0,59.6,78.1,40.3,0.0,,0.0,464.0,26.7,10.0,06:09:46,19:42:05,Bent
2020-08-17,85.5,55.9,70.1,48.4,0.0,,2.8,262.9,22.9,8.0,06:15:29,19:54:52,Boulder
2020-08-17,95.3,62.7,78.5,38.5,0.0,,7.0,245.8,21.0,8.0,06:14:21,19:53:15,Broomfield
2020-08-17,80.3,54.1,65.7,32.8,0.0,,9.4,283.7,22.5,10.0,06:21:26,19:56:19,Chaffee
2020-08-17,91.1,53.1,73.0,52.6,0.0,,0.0,465.3,25.1,9.0,06:06:25,19:41:38,Cheyenne
2020-08-17,62.2,45.6,52.5,48.5,0.0,,22.7,286.8,24.9,8.0,06:17:16,19:55:17,Clear Creek
2020-08-17,81.6,51.6,67.2,38.2,4.17,['rain'],15.7,393.5,19.8,10.0,06:23:19,19:53:21,Conejos
2020-08-17,84.8,51.7,66.5,38.6,0.0,,8.7,323.5,27.9,10.0,06:20:13,19:50:28,Costilla
2020-08-17,94.2,60.2,77.8,40.9,0.0,,0.1,475.7,25.5,9.0,06:11:59,19:45:32,Crowley
2020-08-17,90.8,56.2,71.0,40.1,0.0,,3.1,450.8,22.7,9.0,06:18:41,19:51:32,Custer
2020-08-17,98.3,59.9,78.8,19.0,0.0,,0.3,341.2,23.4,9.0,06:27:26,20:02:42,Delta
2020-08-17,94.9,63.6,79.6,38.4,0.0,,40.1,435.9,21.9,8.0,06:13:59,19:52:15,Denver
2020-08-17,87.7,61.9,75.7,25.5,0.0,,7.8,504.3,27.3,10.0,06:31:53,20:03:35,Dolores
2020-08-17,91.0,60.5,76.2,40.4,0.0,,31.4,444.7,23.9,9.0,06:14:54,19:51:43,Douglas
2020-08-17,88.2,49.8,69.6,25.0,0.0,,21.3,397.7,27.1,9.0,06:21:28,19:59:16,Eagle
2020-08-17,87.9,53.1,72.8,42.0,0.0,,2.2,485.3,26.3,9.0,06:11:41,19:48:27,Elbert
2020-08-17,87.3,56.2,72.9,47.0,0.0,,23.8,407.2,21.8,8.0,06:14:08,19:49:18,El Paso
2020-08-17,87.0,56.5,72.5,44.2,0.0,,15.9,412.4,23.6,9.0,06:18:19,19:52:17,Fremont
2020-08-17,96.5,55.8,76.4,17.0,0.0,,2.5,341.8,23.3,9.0,06:26:23,20:04:05,Garfield
2020-08-17,73.3,48.3,58.8,46.6,0.0,,15.4,319.8,27.7,9.0,06:16:25,19:55:00,Gilpin
2020-08-17,81.1,44.0,63.0,40.5,0.0,,5.9,264.3,22.7,8.0,06:18:14,19:57:42,Grand
2020-08-17,87.1,49.4,69.0,33.5,0.0,,8.1,330.5,24.9,9.0,06:24:36,19:59:15,Gunnison
2020-08-17,78.9,58.2,66.7,31.9,4.17,['rain'],22.2,366.9,20.0,10.0,06:27:12,19:59:06,Hinsdale
2020-08-17,92.3,53.7,67.9,40.8,0.0,,2.7,487.1,24.4,9.0,06:17:42,19:49:13,Huerfano
2020-08-17,89.8,40.4,67.6,31.8,0.0,,0.0,396.4,27.1,9.0,06:18:14,19:59:33,Jackson
2020-08-17,94.4,63.0,79.2,37.3,0.0,,35.0,333.4,17.8,8.0,06:15:44,19:53:25,Jefferson
2020-08-17,95.0,58.0,77.7,41.0,0.0,,0.0,413.9,23.8,8.0,06:07:45,19:41:31,Kiowa
2020-08-17,90.5,53.7,72.8,53.4,0.0,,0.0,468.3,25.3,9.0,06:05:38,19:42:23,Kit Carson
2020-08-17,77.0,42.4,60.7,37.5,0.0,,10.4,251.7,21.9,8.0,06:20:48,19:57:12,Lake
2020-08-17,87.1,57.8,72.7,33.0,0.0,,7.7,236.3,20.2,10.0,06:29:51,20:00:07,La Plata
2020-08-17,91.2,59.5,75.3,49.5,0.0,,0.3,451.7,26.1,9.0,06:14:51,19:56:10,Larimer
2020-08-17,90.2,55.9,74.1,38.6,0.0,,0.0,323.6,27.9,10.0,06:14:37,19:44:59,Las Animas
2020-08-17,88.8,52.3,73.5,41.3,0.0,,1.1,465.3,25.1,9.0,06:09:46,19:45:30,Lincoln
2020-08-17,93.9,57.7,76.2,52.0,0.0,,4.2,295.1,23.4,9.0,06:05:10,19:46:43,Logan
2020-08-17,96.5,62.8,80.1,13.2,0.0,,7.2,420.9,22.7,9.0,06:29:33,20:05:20,Mesa
2020-08-17,74.0,51.0,60.3,45.0,4.17,['rain'],31.1,250.4,21.5,10.0,06:25:39,19:57:03,Mineral
2020-08-17,92.9,47.4,70.3,25.2,0.0,,1.4,479.7,27.6,10.0,06:25:54,20:06:54,Moffat
2020-08-17,94.3,61.0,80.4,25.3,0.0,,0.0,548.7,29.6,10.0,06:32:48,20:03:13,Montezuma
2020-08-17,94.1,58.9,76.2,22.2,0.0,,1.2,370.2,23.8,9.0,06:29:45,20:03:34,Montrose
2020-08-17,97.3,60.3,77.7,41.2,0.0,,4.3,373.7,21.6,7.0,06:08:50,19:48:48,Morgan
2020-08-17,94.8,58.4,77.4,41.9,0.0,,0.0,289.5,25.0,9.0,06:12:26,19:44:35,Otero
2020-08-17,83.7,60.6,71.4,25.1,0.0,,13.0,366.9,20.0,10.0,06:28:12,20:01:10,Ouray
2020-08-17,70.3,50.5,58.8,37.7,0.0,,21.1,246.7,21.3,9.0,06:18:25,19:54:32,Park
2020-08-17,91.4,59.0,74.6,59.2,0.0,,0.0,314.1,23.8,8.0,06:02:25,19:43:31,Phillips
2020-08-17,86.0,53.9,69.9,26.9,0.0,,18.0,269.2,23.3,9.0,06:23:03,19:59:29,Pitkin
2020-08-17,94.2,57.6,77.0,43.0,0.0,,0.2,304.3,26.1,9.0,06:06:59,19:39:23,Prowers
2020-08-17,94.6,59.9,77.4,44.5,0.0,,0.2,446.4,24.1,9.0,06:15:03,19:48:06,Pueblo
2020-08-17,92.8,47.1,70.5,21.4,0.0,,3.1,474.9,27.1,10.0,06:26:55,20:05:52,Rio Blanco
2020-08-17,76.8,51.4,63.7,40.1,4.17,['rain'],20.1,315.3,15.8,9.0,06:24:00,19:54:53,Rio Grande
2020-08-17,89.6,50.7,70.9,26.5,0.0,,0.0,440.9,25.6,9.0,06:21:11,20:01:52,Routt
2020-08-17,84.1,52.0,68.3,34.6,0.0,,7.2,370.1,20.0,9.0,06:22:18,19:54:54,Saguache
2020-08-17,80.5,59.7,69.4,27.3,0.0,,17.3,366.9,20.0,10.0,06:28:24,20:00:12,San Juan
2020-08-17,84.5,61.2,72.2,25.4,0.0,,11.7,439.5,23.6,9.0,06:31:04,20:03:35,San Miguel
2020-08-17,91.4,58.1,74.7,57.8,0.0,,0.3,278.5,24.0,9.0,06:01:58,19:44:02,Sedgwick
2020-08-17,70.6,51.1,60.1,34.3,0.0,,27.8,328.4,28.3,10.0,06:19:15,19:57:02,Summit
2020-08-17,87.0,56.0,72.4,48.3,0.0,,22.2,334.4,19.4,9.0,06:16:41,19:52:00,Teller
2020-08-17,93.3,61.7,76.6,45.6,0.0,,1.6,456.4,24.7,9.0,06:06:57,19:45:54,Washington
2020-08-17,93.1,61.3,76.7,47.6,0.0,,4.9,346.8,23.6,9.0,06:10:38,19:51:36,Weld
2020-08-17,91.5,59.1,74.2,60.7,0.0,,0.0,268.1,23.2,8.0,06:03:44,19:42:49,Yuma
2020-08-24,95.6,67.8,81.4,25.2,0.0,,43.9,396.4,20.0,8.0,06:18:13,19:40:07,Adams
2020-08-24,88.6,48.6,67.5,35.9,0.0,,22.0,448.9,22.5,8.0,06:27:08,19:42:55,Alamosa
2020-08-24,95.0,67.8,81.1,25.0,0.0,,44.9,341.9,17.3,7.0,06:18:32,19:39:49,Arapahoe
2020-08-24,85.7,52.0,67.7,35.3,0.0,,17.0,221.6,18.4,8.0,06:32:39,19:47:30,Archuleta
2020-08-24,96.2,65.9,80.2,38.6,0.0,,0.0,451.0,21.3,9.0,06:14:27,19:29:35,Baca
2020-08-24,101.8,63.8,82.8,35.6,0.0,,0.0,281.6,23.3,9.0,06:15:49,19:32:33,Bent
2020-08-24,93.3,58.1,74.6,32.8,0.0,,7.1,196.0,17.0,7.0,06:22:11,19:44:41,Boulder
2020-08-24,95.1,65.6,81.6,25.6,0.0,,11.8,214.2,18.2,7.0,06:20:59,19:43:06,Broomfield
2020-08-24,78.4,60.2,67.6,24.2,0.0,,34.0,269.1,18.4,9.0,06:27:43,19:46:32,Chaffee
2020-08-24,99.0,66.8,81.9,37.3,0.0,,0.0,273.0,23.6,9.0,06:12:43,19:31:50,Cheyenne
2020-08-24,61.4,49.8,53.6,46.2,0.0,,50.5,215.1,18.5,6.0,06:23:50,19:45:13,Clear Creek
2020-08-24,84.9,49.9,65.9,36.1,0.0,,21.3,397.0,20.1,9.0,06:29:09,19:44:01,Conejos
2020-08-24,83.0,50.5,65.0,35.5,0.0,,26.7,390.4,20.9,10.0,06:26:04,19:41:06,Costilla
2020-08-24,99.8,60.8,80.1,37.0,0.0,,1.6,389.2,21.1,8.0,06:18:08,19:35:53,Crowley
2020-08-24,89.4,57.8,72.4,32.3,4.17,['rain'],12.0,184.9,15.9,9.0,06:24:47,19:41:56,Custer
2020-08-24,97.7,63.3,80.4,24.4,0.0,,2.1,431.2,21.8,8.0,06:33:44,19:52:53,Delta
2020-08-24,94.7,67.6,80.7,25.1,0.0,,44.8,357.9,18.0,7.0,06:20:34,19:42:10,Denver
2020-08-24,85.2,58.8,72.2,32.4,0.0,,24.4,292.7,25.2,9.0,06:37:53,19:54:06,Dolores
2020-08-24,91.0,64.7,77.2,26.9,8.33,['rain'],35.6,306.5,16.6,8.0,06:21:21,19:41:45,Douglas
2020-08-24,88.2,53.0,71.0,29.4,0.0,,16.3,273.9,19.7,9.0,06:28:00,19:49:14,Eagle
2020-08-24,92.4,54.7,73.9,40.2,0.0,,3.7,403.9,20.3,8.0,06:18:08,19:38:30,Elbert
2020-08-24,92.0,61.0,76.2,35.8,8.33,['rain'],35.2,312.2,15.8,7.0,06:20:26,19:39:30,El Paso
2020-08-24,90.7,63.8,76.7,28.6,0.0,,32.0,344.4,17.3,9.0,06:24:30,19:42:35,Fremont
2020-08-24,97.8,58.1,78.1,24.7,0.0,,0.1,336.7,21.7,10.0,06:32:55,19:54:03,Garfield
2020-08-24,73.3,52.0,59.7,41.3,0.0,,40.4,244.4,21.0,7.0,06:23:01,19:44:53,Gilpin
2020-08-24,81.6,45.0,60.6,44.7,0.0,,19.9,187.7,16.3,8.0,06:24:56,19:47:31,Grand
2020-08-24,86.0,49.5,69.3,35.7,0.0,,21.3,245.6,17.7,9.0,06:30:51,19:49:29,Gunnison
2020-08-24,77.0,56.3,65.0,34.0,0.0,,36.9,270.8,13.6,8.0,06:33:12,19:49:36,Hinsdale
2020-08-24,90.2,58.2,68.3,33.0,0.0,,18.6,349.6,17.7,9.0,06:23:40,19:39:45,Huerfano
2020-08-24,81.7,44.0,61.4,42.5,0.0,,27.6,255.2,17.5,8.0,06:25:06,19:49:11,Jackson
2020-08-24,92.8,66.7,80.5,24.3,0.0,,40.7,225.4,11.4,6.0,06:22:16,19:43:23,Jefferson
2020-08-24,102.5,65.2,84.3,34.0,0.0,,0.0,273.0,23.6,9.0,06:13:55,19:31:51,Kiowa
2020-08-24,98.6,66.6,81.4,38.3,0.0,,0.0,398.4,21.3,8.0,06:12:05,19:32:27,Kit Carson
2020-08-24,74.9,38.3,59.1,38.5,0.0,,36.3,170.4,14.6,7.0,06:27:13,19:47:17,Lake
2020-08-24,91.6,55.8,72.9,33.1,0.0,,8.0,216.3,18.8,9.0,06:35:42,19:50:45,La Plata
2020-08-24,93.1,63.0,78.4,33.9,0.0,,1.1,244.3,13.2,6.0,06:21:43,19:45:48,Larimer
2020-08-24,95.7,65.6,78.4,28.3,0.0,,1.9,272.5,23.6,9.0,06:20:28,19:35:37,Las Animas
2020-08-24,94.4,52.7,74.3,44.2,0.0,,2.3,390.9,21.0,8.0,06:16:07,19:35:39,Lincoln
2020-08-24,97.9,60.3,79.3,44.8,0.0,,3.6,230.8,19.8,8.0,06:12:03,19:36:20,Logan
2020-08-24,97.4,64.1,83.4,20.4,0.0,,1.2,388.9,21.0,9.0,06:35:55,19:55:29,Mesa
2020-08-24,72.8,51.7,61.1,38.2,0.0,,24.0,198.6,17.3,10.0,06:31:36,19:47:35,Mineral
2020-08-24,91.4,57.6,73.2,31.0,0.0,,1.5,400.1,21.6,9.0,06:32:44,19:56:33,Moffat
2020-08-24,94.2,57.4,76.0,34.4,0.0,,8.3,478.3,25.9,9.0,06:38:40,19:53:50,Montezuma
2020-08-24,92.9,61.8,77.6,27.0,0.0,,6.6,326.2,16.3,8.0,06:35:56,19:53:53,Montrose
2020-08-24,97.4,60.6,80.2,36.0,0.0,,3.1,328.4,17.7,7.0,06:15:34,19:38:33,Morgan
2020-08-24,100.3,57.2,79.3,40.8,0.0,,0.0,245.2,21.1,8.0,06:18:27,19:35:03,Otero
2020-08-24,79.9,59.9,69.9,30.0,0.0,,33.8,270.8,13.6,8.0,06:34:18,19:51:34,Ouray
2020-08-24,73.0,54.4,60.7,30.7,0.0,,35.7,233.6,17.8,10.0,06:24:48,19:44:39,Park
2020-08-24,98.4,59.1,78.6,53.1,0.0,,0.0,353.3,19.1,7.0,06:09:15,19:33:10,Phillips
2020-08-24,84.8,53.0,70.4,29.5,0.0,,18.0,242.4,20.8,8.0,06:29:28,19:49:34,Pitkin
2020-08-24,101.3,66.1,84.2,34.7,0.0,,0.0,264.0,22.8,8.0,06:13:02,19:29:50,Prowers
2020-08-24,99.6,62.9,80.5,33.4,0.0,,2.4,370.5,20.0,8.0,06:21:09,19:38:30,Pueblo
2020-08-24,91.7,58.4,74.1,27.9,0.0,,0.0,320.4,18.5,9.0,06:33:34,19:55:43,Rio Blanco
2020-08-24,77.6,52.3,63.7,35.5,0.0,,17.7,233.5,11.8,9.0,06:29:54,19:45:28,Rio Grande
2020-08-24,90.1,53.7,71.1,32.4,0.0,,5.2,362.9,19.7,8.0,06:27:59,19:51:34,Routt
2020-08-24,85.8,53.6,69.3,29.6,0.0,,13.7,299.1,16.2,7.0,06:28:22,19:45:20,Saguache
2020-08-24,78.0,58.5,66.7,32.2,0.0,,42.3,270.8,13.6,8.0,06:34:23,19:50:42,San Juan
2020-08-24,80.5,59.3,70.3,30.7,0.0,,31.4,322.6,17.4,8.0,06:37:07,19:54:01,San Miguel
2020-08-24,97.6,60.8,79.0,50.5,0.0,,0.0,236.3,20.4,8.0,06:08:54,19:33:36,Sedgwick
2020-08-24,67.9,55.5,60.4,33.0,0.0,,45.5,230.7,18.3,8.0,06:25:47,19:47:00,Summit
2020-08-24,89.9,62.0,75.2,31.3,8.33,['rain'],36.8,308.7,16.7,8.0,06:22:59,19:42:11,Teller
2020-08-24,98.1,62.1,80.9,38.2,0.0,,2.1,393.1,21.2,8.0,06:13:36,19:35:46,Washington
2020-08-24,96.3,63.6,78.8,41.5,0.0,,3.4,352.6,19.0,8.0,06:17:28,19:41:16,Weld
2020-08-24,98.6,62.4,81.3,39.6,0.0,,0.1,230.2,19.7,7.0,06:10:24,19:32:40,Yuma
2020-08-31,78.0,45.2,61.9,49.8,8.33,['rain'],46.4,357.9,18.1,9.0,06:24:48,19:29:23,Adams
2020-08-31,79.0,39.6,59.9,53.4,8.33,['rain'],5.4,449.9,22.8,9.0,06:33:01,19:32:52,Alamosa
2020-08-31,76.6,44.9,61.6,50.2,8.33,['rain'],47.3,330.1,16.6,7.0,06:25:02,19:29:09,Arapahoe
2020-08-31,77.6,44.4,61.6,51.5,0.0,,23.4,223.7,19.4,9.0,06:38:26,19:37:34,Archuleta
2020-08-31,78.2,53.2,66.6,52.0,0.0,,2.1,467.6,23.7,9.0,06:20:16,19:19:37,Baca
2020-08-31,79.9,53.1,67.8,42.9,0.0,,2.4,271.8,23.3,9.0,06:21:48,19:22:24,Bent
2020-08-31,66.9,43.5,55.5,60.0,16.67,['rain'],37.9,146.6,12.8,7.0,06:28:50,19:33:53,Boulder
2020-08-31,73.6,47.3,61.3,50.3,16.67,['rain'],39.6,169.7,14.5,7.0,06:27:36,19:32:21,Broomfield
2020-08-31,71.0,47.1,56.2,46.5,8.33,['rain'],25.6,248.3,19.6,8.0,06:33:56,19:36:09,Chaffee
2020-08-31,79.1,50.0,65.7,43.4,0.0,,2.8,295.3,25.4,9.0,06:18:59,19:21:25,Cheyenne
2020-08-31,51.3,33.3,41.9,50.0,16.67,"['rain', 'snow']",38.4,250.4,21.1,7.0,06:30:21,19:34:33,Clear Creek
2020-08-31,76.2,41.4,59.1,52.7,0.0,,9.7,261.3,22.5,9.0,06:34:55,19:34:05,Conejos
2020-08-31,75.8,38.9,57.8,50.6,0.0,,6.9,209.7,18.2,10.0,06:31:52,19:31:09,Costilla
2020-08-31,79.9,52.2,67.2,43.3,4.17,['rain'],6.1,409.1,22.1,9.0,06:24:15,19:25:37,Crowley
2020-08-31,74.4,49.8,62.7,43.5,16.67,['rain'],20.1,369.9,18.6,9.0,06:30:49,19:31:45,Custer
2020-08-31,88.0,55.9,72.7,34.0,0.0,,11.0,281.9,14.3,8.0,06:40:00,19:42:28,Delta
2020-08-31,76.0,44.1,61.3,50.5,8.33,['rain'],45.7,336.4,17.2,8.0,06:27:07,19:31:28,Denver
2020-08-31,79.2,50.7,65.8,38.3,0.0,,26.0,434.2,23.6,10.0,06:43:49,19:44:00,Dolores
2020-08-31,72.6,42.7,58.8,54.1,16.67,['rain'],45.1,321.5,17.5,9.0,06:27:45,19:31:12,Douglas
2020-08-31,76.8,44.8,60.0,48.4,25.0,['rain'],28.8,265.1,18.2,9.0,06:34:30,19:38:34,Eagle
2020-08-31,72.7,44.3,59.8,50.8,12.5,['rain'],30.1,425.1,21.4,9.0,06:24:32,19:27:57,Elbert
2020-08-31,73.2,45.9,60.5,51.6,8.33,['rain'],38.4,381.4,19.2,8.0,06:26:41,19:29:05,El Paso
2020-08-31,73.2,46.2,60.9,50.1,20.83,['rain'],30.4,387.4,19.5,9.0,06:30:39,19:32:17,Fremont
2020-08-31,87.0,50.1,68.0,36.5,4.17,['rain'],13.1,322.9,19.9,9.0,06:39:25,19:43:24,Garfield
2020-08-31,57.0,38.8,46.7,49.8,12.5,['rain'],39.4,247.2,20.9,7.0,06:29:36,19:34:09,Gilpin
2020-08-31,70.0,36.2,50.8,56.3,12.5,['rain'],39.3,175.2,15.2,7.0,06:31:35,19:36:42,Grand
2020-08-31,74.0,44.9,59.8,54.5,16.67,['rain'],28.1,244.6,21.2,9.0,06:37:03,19:39:07,Gunnison
2020-08-31,72.1,47.6,59.6,45.1,0.0,,36.8,230.0,19.8,8.0,06:39:09,19:39:29,Hinsdale
2020-08-31,74.9,44.9,58.5,48.0,8.33,['rain'],15.6,208.9,18.0,9.0,06:29:35,19:29:41,Huerfano
2020-08-31,73.5,34.3,53.4,44.3,8.33,['rain'],31.7,258.1,15.8,7.0,06:31:56,19:38:12,Jackson
2020-08-31,74.0,45.1,60.7,51.5,12.5,['rain'],48.6,258.2,13.1,7.0,06:28:46,19:32:44,Jefferson
2020-08-31,79.4,54.0,68.1,42.8,0.0,,2.4,287.3,24.7,9.0,06:20:03,19:21:34,Kiowa
2020-08-31,78.7,50.1,65.3,44.4,0.0,,2.2,373.7,22.9,8.0,06:18:29,19:21:53,Kit Carson
2020-08-31,62.1,34.3,47.1,64.7,12.5,['rain'],38.7,146.5,12.8,6.0,06:33:35,19:36:45,Lake
2020-08-31,83.3,49.1,67.0,41.2,0.0,,18.1,214.9,18.5,7.0,06:41:30,19:40:48,La Plata
2020-08-31,69.8,47.2,58.9,54.1,16.67,['rain'],37.6,378.2,20.4,9.0,06:28:32,19:34:49,Larimer
2020-08-31,80.6,52.8,63.7,51.6,4.17,['rain'],27.6,253.6,22.1,9.0,06:26:17,19:25:40,Las Animas
2020-08-31,75.3,46.8,61.5,48.4,0.0,,25.8,411.8,22.3,8.0,06:22:26,19:25:11,Lincoln
2020-08-31,75.4,43.0,59.4,50.1,0.0,,13.6,269.4,20.3,8.0,06:18:54,19:25:20,Logan
2020-08-31,89.0,62.2,75.8,27.1,0.0,,13.5,299.6,15.2,7.0,06:42:14,19:45:00,Mesa
2020-08-31,66.0,44.9,54.7,54.0,0.0,,19.1,202.8,17.4,8.0,06:37:31,19:37:32,Mineral
2020-08-31,78.1,43.7,60.8,42.7,8.33,['rain'],28.2,168.5,14.5,7.0,06:39:32,19:45:36,Moffat
2020-08-31,86.3,48.0,68.4,39.7,0.0,,9.1,467.7,25.2,9.0,06:44:29,19:43:52,Montezuma
2020-08-31,85.0,53.3,69.5,37.9,0.0,,13.9,336.1,21.6,9.0,06:42:04,19:43:36,Montrose
2020-08-31,78.1,43.7,59.9,48.4,4.17,['rain'],18.3,326.5,16.4,7.0,06:22:16,19:27:42,Morgan
2020-08-31,81.5,49.6,66.2,45.5,0.0,,2.3,258.3,22.2,8.0,06:24:25,19:24:55,Otero
2020-08-31,76.4,50.4,63.4,39.6,0.0,,39.9,394.0,19.8,8.0,06:40:21,19:41:21,Ouray
2020-08-31,62.1,40.8,48.5,54.7,20.83,['rain'],33.1,176.0,14.7,7.0,06:31:09,19:34:09,Park
2020-08-31,77.1,53.6,64.4,40.2,0.0,,34.1,388.3,20.8,8.0,06:16:04,19:22:13,Phillips
2020-08-31,74.0,46.9,58.0,52.7,16.67,['rain'],49.9,175.0,14.0,6.0,06:35:50,19:39:02,Pitkin
2020-08-31,78.9,54.0,68.0,50.0,0.0,,2.2,274.0,23.6,9.0,06:19:02,19:19:41,Prowers
2020-08-31,80.6,52.6,67.4,43.5,4.17,['rain'],9.0,380.6,22.1,8.0,06:27:13,19:28:17,Pueblo
2020-08-31,79.6,45.9,62.1,41.0,4.17,['rain'],28.2,263.4,15.0,8.0,06:40:10,19:44:57,Rio Blanco
2020-08-31,70.4,44.0,57.0,52.0,12.5,['rain'],14.1,250.9,21.7,10.0,06:35:46,19:35:27,Rio Grande
2020-08-31,75.0,42.3,58.3,42.9,8.33,['rain'],26.9,184.7,15.8,8.0,06:34:45,19:40:38,Routt
2020-08-31,70.7,46.4,58.6,51.4,12.5,['rain'],31.9,349.7,19.0,9.0,06:34:23,19:35:10,Saguache
2020-08-31,73.6,48.5,61.4,41.3,0.0,,46.9,394.0,19.8,8.0,06:40:20,19:40:36,San Juan
2020-08-31,76.9,50.1,64.0,39.7,0.0,,36.4,342.8,18.4,8.0,06:43:08,19:43:51,San Miguel
2020-08-31,76.0,52.7,64.3,38.1,0.0,,32.4,242.2,20.8,8.0,06:15:48,19:22:33,Sedgwick
2020-08-31,57.8,37.1,47.8,52.6,20.83,['rain'],42.4,198.1,16.4,8.0,06:32:18,19:36:20,Summit
2020-08-31,73.7,44.8,60.0,52.5,8.33,['rain'],33.2,366.1,18.3,9.0,06:29:16,19:31:45,Teller
2020-08-31,75.9,44.7,60.1,51.3,4.17,['rain'],25.8,408.8,21.9,8.0,06:20:12,19:25:00,Washington
2020-08-31,75.5,47.1,61.2,50.7,0.0,,23.6,364.2,18.3,8.0,06:24:16,19:30:19,Weld
2020-08-31,76.9,52.4,63.7,42.6,4.17,['rain'],19.9,249.1,20.6,8.0,06:17:01,19:21:53,Yuma
2020-09-07,91.8,46.9,71.3,32.2,8.33,['rain'],38.4,421.4,19.6,8.0,06:31:21,19:18:13,Adams
2020-09-07,84.6,44.6,64.7,27.8,0.0,,27.8,368.9,18.6,8.0,06:38:51,19:22:24,Alamosa
2020-09-07,91.7,46.9,71.4,31.2,8.33,['rain'],37.6,320.8,15.0,6.0,06:31:31,19:18:03,Arapahoe
2020-09-07,84.5,49.6,67.3,21.4,0.0,,3.5,184.7,15.9,6.0,06:44:10,19:27:12,Archuleta
2020-09-07,98.0,55.3,76.9,38.5,0.0,,0.0,451.8,21.1,9.0,06:26:01,19:09:14,Baca
2020-09-07,97.4,58.2,76.2,41.1,0.0,,4.0,264.6,22.8,10.0,06:27:45,19:11:49,Bent
2020-09-07,76.3,42.8,61.9,41.7,4.17,['rain'],20.5,219.0,18.9,7.0,06:35:27,19:22:38,Boulder
2020-09-07,91.4,48.3,70.1,33.2,8.33,['rain'],26.9,207.2,17.6,7.0,06:34:10,19:21:09,Broomfield
2020-09-07,73.2,55.0,63.4,14.0,0.0,,26.9,213.6,18.4,7.0,06:40:08,19:25:20,Chaffee
2020-09-07,90.0,55.1,69.1,49.5,0.0,,7.9,250.0,21.7,9.0,06:25:12,19:10:34,Cheyenne
2020-09-07,55.0,35.6,47.2,45.0,0.0,,15.0,292.4,25.0,8.0,06:36:51,19:23:25,Clear Creek
2020-09-07,80.9,48.4,64.1,24.2,0.0,,18.7,388.5,19.5,8.0,06:40:39,19:23:43,Conejos
2020-09-07,84.8,43.1,64.8,27.2,0.0,,30.4,278.3,24.0,9.0,06:37:37,19:20:46,Costilla
2020-09-07,94.5,57.9,74.9,36.5,0.0,,14.7,368.9,18.4,8.0,06:30:19,19:14:56,Crowley
2020-09-07,86.6,54.1,70.0,22.5,0.0,,30.3,323.2,16.4,7.0,06:36:49,19:21:07,Custer
2020-09-07,90.0,56.0,71.7,21.6,0.0,,3.4,262.4,16.2,6.0,06:46:14,19:31:36,Delta
2020-09-07,91.6,46.7,71.3,31.0,8.33,['rain'],36.8,343.4,17.4,7.0,06:33:37,19:20:19,Denver
2020-09-07,83.2,53.5,67.1,23.3,0.0,,20.8,366.1,19.6,8.0,06:49:42,19:33:29,Dolores
2020-09-07,89.4,49.7,70.4,28.2,4.17,['rain'],25.4,365.3,18.3,7.0,06:34:08,19:20:11,Douglas
2020-09-07,79.0,45.8,62.5,24.6,0.0,,43.1,257.0,18.5,6.0,06:40:59,19:27:28,Eagle
2020-09-07,90.7,52.3,69.0,38.3,0.0,,14.4,400.5,20.2,8.0,06:30:55,19:16:57,Elbert
2020-09-07,89.6,59.2,72.0,31.8,0.0,,31.4,295.2,15.0,6.0,06:32:54,19:18:14,El Paso
2020-09-07,88.5,57.7,71.6,27.3,0.0,,19.1,354.5,17.8,7.0,06:36:45,19:21:33,Fremont
2020-09-07,88.2,51.0,68.0,21.3,0.0,,1.3,230.6,15.8,7.0,06:45:52,19:32:18,Garfield
2020-09-07,73.3,37.4,53.5,40.7,4.17,['rain'],15.4,310.7,26.6,8.0,06:36:09,19:22:59,Gilpin
2020-09-07,69.1,40.2,54.0,35.6,0.0,,8.6,216.0,18.6,7.0,06:38:13,19:25:26,Grand
2020-09-07,78.1,39.4,57.5,38.3,0.0,,6.7,246.8,17.8,7.0,06:43:14,19:28:19,Gunnison
2020-09-07,76.3,51.1,63.3,22.3,0.0,,19.2,322.0,16.2,7.0,06:45:04,19:28:57,Hinsdale
2020-09-07,95.1,55.8,74.6,23.9,0.0,,20.9,373.4,18.8,8.0,06:35:27,19:19:11,Huerfano
2020-09-07,81.3,39.7,59.9,27.4,0.0,,7.7,290.7,18.6,8.0,06:38:44,19:26:46,Jackson
2020-09-07,91.3,44.2,68.8,29.7,4.17,['rain'],31.1,275.6,13.7,6.0,06:35:13,19:21:39,Jefferson
2020-09-07,99.2,58.3,76.7,42.2,0.0,,2.4,250.0,21.7,9.0,06:26:08,19:10:51,Kiowa
2020-09-07,89.4,54.9,68.8,50.3,0.0,,7.5,388.4,21.0,8.0,06:24:51,19:10:53,Kit Carson
2020-09-07,68.0,38.3,53.5,28.4,0.0,,50.3,186.1,16.0,6.0,06:39:55,19:25:47,Lake
2020-09-07,88.5,51.4,69.4,20.2,0.0,,8.1,222.4,19.1,8.0,06:47:16,19:30:25,La Plata
2020-09-07,76.4,45.5,63.7,43.7,4.17,['rain'],34.3,376.4,18.9,8.0,06:35:21,19:23:23,Larimer
2020-09-07,95.9,53.8,74.8,20.7,0.0,,10.2,455.4,23.0,9.0,06:32:03,19:15:16,Las Animas
2020-09-07,92.2,49.8,68.6,44.0,0.0,,11.3,416.1,21.2,8.0,06:28:42,19:14:17,Lincoln
2020-09-07,85.3,45.3,65.0,52.9,4.17,['rain'],14.6,302.6,16.5,8.0,06:25:43,19:13:53,Logan
2020-09-07,91.1,59.7,74.5,15.9,0.0,,7.1,344.8,17.2,7.0,06:48:31,19:34:06,Mesa
2020-09-07,73.3,51.5,61.3,21.7,0.0,,9.2,210.7,18.1,7.0,06:43:22,19:27:02,Mineral
2020-09-07,85.0,45.4,63.6,27.5,0.0,,8.6,393.9,21.3,9.0,06:46:19,19:34:12,Moffat
2020-09-07,90.4,50.2,68.9,25.6,0.0,,13.2,391.6,19.6,8.0,06:50:15,19:33:28,Montezuma
2020-09-07,85.3,55.3,69.7,24.0,0.0,,13.0,285.9,17.7,7.0,06:48:09,19:32:52,Montrose
2020-09-07,83.3,47.0,66.6,43.3,8.33,['rain'],14.1,168.8,8.5,4.0,06:28:57,19:16:24,Morgan
2020-09-07,96.5,51.9,72.7,43.8,0.0,,6.5,236.2,20.3,8.0,06:30:21,19:14:22,Otero
2020-09-07,77.0,53.3,64.7,23.7,0.0,,26.4,322.0,16.2,7.0,06:46:22,19:30:43,Ouray
2020-09-07,64.8,43.3,55.4,22.6,0.0,,35.1,199.4,16.7,7.0,06:37:27,19:23:12,Park
2020-09-07,77.5,49.1,63.3,57.1,0.0,,7.8,302.9,15.4,7.0,06:22:50,19:10:48,Phillips
2020-09-07,77.0,45.0,61.8,27.9,0.0,,47.7,230.3,16.8,7.0,06:42:11,19:28:04,Pitkin
2020-09-07,99.7,57.6,76.9,42.6,0.0,,0.0,241.2,21.0,8.0,06:24:59,19:09:06,Prowers
2020-09-07,93.7,57.9,75.1,30.3,0.0,,30.8,281.3,18.3,8.0,06:33:14,19:17:38,Pueblo
2020-09-07,83.9,47.4,63.7,24.6,0.0,,7.2,322.1,18.5,8.0,06:46:45,19:33:44,Rio Blanco
2020-09-07,77.7,52.4,63.7,21.7,0.0,,12.7,322.7,16.3,7.0,06:41:34,19:25:00,Rio Grande
2020-09-07,81.6,42.2,62.4,25.5,0.0,,7.0,429.9,21.8,9.0,06:41:30,19:29:16,Routt
2020-09-07,81.6,51.8,66.2,20.4,0.0,,8.3,358.4,19.3,7.0,06:40:22,19:24:33,Saguache
2020-09-07,76.3,51.5,63.5,22.8,0.0,,25.9,322.0,16.2,7.0,06:46:14,19:30:04,San Juan
2020-09-07,78.2,52.4,64.9,24.2,0.0,,25.7,301.9,16.2,7.0,06:49:06,19:33:15,San Miguel
2020-09-07,78.0,46.1,62.0,55.8,0.0,,18.0,189.4,16.3,8.0,06:22:40,19:11:03,Sedgwick
2020-09-07,60.4,49.6,54.6,22.0,0.0,,31.1,247.9,20.4,8.0,06:38:46,19:25:14,Summit
2020-09-07,89.4,54.9,70.6,29.2,0.0,,22.1,351.6,17.7,7.0,06:35:30,19:20:53,Teller
2020-09-07,83.8,48.4,66.6,49.4,4.17,['rain'],12.5,278.5,15.0,7.0,06:26:47,19:13:48,Washington
2020-09-07,77.0,45.8,62.4,50.1,8.33,['rain'],44.6,245.3,12.1,8.0,06:31:02,19:18:55,Weld
2020-09-07,79.2,49.9,64.1,54.8,0.0,,9.4,174.4,15.0,7.0,06:23:36,19:10:40,Yuma
2020-09-14,86.7,54.7,70.3,28.8,0.0,,22.6,441.5,20.7,9.0,06:37:53,19:06:45,Adams
2020-09-14,76.1,34.6,54.6,51.1,0.0,,0.0,446.3,22.3,8.0,06:44:41,19:11:40,Alamosa
2020-09-14,86.4,55.2,70.5,27.9,0.0,,21.6,456.8,21.5,9.0,06:37:59,19:06:40,Arapahoe
2020-09-14,74.9,40.6,57.2,39.9,0.0,,7.7,208.9,17.9,8.0,06:49:53,19:16:34,Archuleta
2020-09-14,80.1,50.1,64.6,58.7,0.0,,0.0,412.8,19.3,8.0,06:31:46,18:58:34,Baca
2020-09-14,84.7,49.2,66.7,51.0,0.0,,0.0,424.6,21.3,9.0,06:33:41,19:00:58,Bent
2020-09-14,78.1,42.2,59.0,49.6,0.0,,0.8,221.7,19.1,7.0,06:42:04,19:11:06,Boulder
2020-09-14,86.9,49.9,67.8,36.8,0.0,,6.1,219.1,18.8,7.0,06:40:44,19:09:40,Broomfield
2020-09-14,69.8,47.9,58.0,22.9,0.0,,4.0,285.5,24.5,10.0,06:46:19,19:14:14,Chaffee
2020-09-14,86.0,47.9,67.4,47.5,0.0,,0.0,259.8,22.5,8.0,06:31:25,18:59:26,Cheyenne
2020-09-14,52.6,39.7,44.9,47.3,0.0,,15.2,248.9,21.1,8.0,06:43:20,19:12:02,Clear Creek
2020-09-14,72.7,36.0,53.5,47.1,0.0,,2.0,337.9,17.0,9.0,06:46:23,19:13:05,Conejos
2020-09-14,75.8,34.1,54.0,52.4,0.0,,0.0,261.9,22.6,10.0,06:43:22,19:10:07,Costilla
2020-09-14,83.9,50.1,66.8,44.3,0.0,,0.0,275.0,20.9,8.0,06:36:22,19:03:58,Crowley
2020-09-14,80.4,44.7,62.0,41.1,0.0,,0.0,320.9,16.2,9.0,06:42:48,19:10:13,Custer
2020-09-14,86.9,49.0,67.2,30.8,0.0,,0.0,341.7,22.0,8.0,06:52:28,19:20:28,Delta
2020-09-14,86.7,56.1,70.7,27.2,0.0,,21.3,386.9,19.5,8.0,06:40:08,19:08:54,Denver
2020-09-14,74.6,44.8,59.8,43.0,0.0,,11.6,371.7,20.2,9.0,06:55:35,19:22:41,Dolores
2020-09-14,82.8,51.5,67.4,29.2,0.0,,11.3,447.9,22.6,8.0,06:40:30,19:08:54,Douglas
2020-09-14,78.9,39.8,58.8,33.6,0.0,,4.4,403.6,23.3,9.0,06:47:27,19:16:05,Eagle
2020-09-14,81.0,44.0,62.8,41.7,0.0,,0.4,445.6,22.6,8.0,06:37:17,19:05:40,Elbert
2020-09-14,80.2,48.1,65.0,35.3,0.0,,8.6,396.9,18.6,8.0,06:39:07,19:07:07,El Paso
2020-09-14,79.8,47.0,64.1,34.4,0.0,,5.5,475.6,24.2,9.0,06:42:51,19:10:33,Fremont
2020-09-14,85.3,44.3,64.1,36.2,0.0,,0.0,326.7,18.7,9.0,06:52:20,19:20:56,Garfield
2020-09-14,66.5,39.9,49.8,43.3,0.0,,9.0,255.3,21.9,8.0,06:42:41,19:11:32,Gilpin
2020-09-14,68.0,39.1,50.6,39.3,0.0,,2.9,216.1,18.7,7.0,06:44:51,19:13:54,Grand
2020-09-14,75.8,36.6,55.5,45.7,0.0,,0.0,400.2,25.9,9.0,06:49:24,19:17:15,Gunnison
2020-09-14,69.0,42.9,55.0,39.9,0.0,,19.9,387.0,19.5,9.0,06:50:58,19:18:08,Hinsdale
2020-09-14,81.8,46.6,64.0,39.2,0.0,,0.0,450.8,22.5,9.0,06:41:19,19:08:24,Huerfano
2020-09-14,74.5,39.3,54.4,36.3,0.0,,0.0,354.5,20.3,8.0,06:45:32,19:15:04,Jackson
2020-09-14,86.4,56.0,70.9,26.6,0.0,,16.2,390.9,18.2,8.0,06:41:40,19:10:17,Jefferson
2020-09-14,84.8,47.5,66.2,53.9,0.0,,0.0,259.8,22.5,8.0,06:32:13,18:59:52,Kiowa
2020-09-14,85.8,48.5,67.5,47.9,0.0,,0.0,302.6,21.7,8.0,06:31:13,18:59:37,Kit Carson
2020-09-14,65.9,29.3,48.9,43.7,0.0,,35.0,217.3,18.9,8.0,06:46:15,19:14:33,Lake
2020-09-14,79.5,44.3,61.8,37.5,0.0,,0.0,271.0,23.5,9.0,06:53:01,19:19:45,La Plata
2020-09-14,84.7,46.1,64.6,45.9,0.0,,0.0,389.6,19.9,8.0,06:42:09,19:11:41,Larimer
2020-09-14,79.1,45.5,63.6,36.8,0.0,,0.0,277.5,24.0,9.0,06:37:48,19:04:36,Las Animas
2020-09-14,82.6,42.2,62.8,45.4,0.0,,0.0,419.6,21.1,8.0,06:34:58,19:03:06,Lincoln
2020-09-14,87.2,48.7,66.3,46.8,0.0,,0.5,263.3,17.0,7.0,06:32:33,19:02:09,Logan
2020-09-14,86.1,52.9,68.0,29.5,0.0,,0.0,459.4,23.1,8.0,06:54:47,19:22:55,Mesa
2020-09-14,63.2,39.5,51.0,38.2,0.0,,10.3,276.0,23.9,9.0,06:49:14,19:16:16,Mineral
2020-09-14,81.2,38.8,58.9,37.8,0.0,,0.0,406.0,20.3,8.0,06:53:05,19:22:31,Moffat
2020-09-14,82.0,42.1,61.8,47.4,0.0,,0.0,442.1,22.3,9.0,06:56:01,19:22:48,Montezuma
2020-09-14,82.4,47.5,64.6,35.5,0.0,,2.3,306.0,23.0,9.0,06:54:15,19:21:53,Montrose
2020-09-14,88.6,48.8,67.3,37.5,0.0,,0.0,314.0,15.6,6.0,06:35:37,19:04:49,Morgan
2020-09-14,83.8,44.6,64.3,53.3,0.0,,0.0,253.3,21.7,8.0,06:36:17,19:03:32,Otero
2020-09-14,73.3,45.5,58.7,39.7,0.0,,19.3,387.2,19.5,9.0,06:52:22,19:19:48,Ouray
2020-09-14,62.6,43.3,50.9,30.1,0.0,,9.5,255.0,22.0,9.0,06:43:46,19:11:59,Park
2020-09-14,86.2,49.5,67.6,49.1,0.0,,0.0,336.8,17.0,7.0,06:29:37,18:59:07,Phillips
2020-09-14,74.0,42.1,57.1,36.2,0.0,,16.4,376.5,23.0,8.0,06:48:31,19:16:49,Pitkin
2020-09-14,84.0,47.0,65.5,57.5,0.0,,0.0,237.8,20.4,8.0,06:30:56,18:58:15,Prowers
2020-09-14,84.6,47.0,66.2,42.3,0.0,,0.0,261.4,21.8,8.0,06:39:15,19:06:43,Pueblo
2020-09-14,80.9,42.2,60.5,37.8,0.0,,0.0,377.2,21.6,8.0,06:53:20,19:22:15,Rio Blanco
2020-09-14,66.8,39.6,52.4,40.3,0.0,,4.5,339.9,16.9,9.0,06:47:23,19:14:17,Rio Grande
2020-09-14,78.1,38.7,58.0,33.2,0.0,,0.0,384.9,19.3,8.0,06:48:15,19:17:37,Routt
2020-09-14,73.5,41.0,56.3,38.7,0.0,,0.0,519.4,26.2,10.0,06:46:20,19:13:41,Saguache
2020-09-14,71.5,44.5,56.5,40.8,0.0,,24.0,387.1,19.5,9.0,06:52:08,19:19:16,San Juan
2020-09-14,74.1,44.9,58.8,41.0,0.0,,17.4,384.3,20.9,9.0,06:55:04,19:22:23,San Miguel
2020-09-14,86.7,49.3,67.2,46.2,0.0,,0.0,258.9,16.8,7.0,06:29:32,18:59:16,Sedgwick
2020-09-14,58.8,44.0,50.9,33.7,0.0,,30.6,218.5,19.0,9.0,06:45:14,19:13:52,Summit
2020-09-14,80.0,45.0,63.2,36.6,0.0,,5.2,364.8,18.6,8.0,06:41:43,19:09:45,Teller
2020-09-14,85.3,54.5,69.9,37.1,0.0,,0.0,240.3,20.8,8.0,06:33:22,19:02:19,Washington
2020-09-14,88.8,45.2,65.5,46.0,0.0,,0.1,234.0,18.5,7.0,06:37:48,19:07:15,Weld
2020-09-14,87.5,50.5,69.0,43.9,0.0,,0.0,240.4,20.8,8.0,06:30:12,18:59:11,Yuma
2020-09-21,86.3,53.0,69.4,35.9,0.0,,31.9,334.5,15.4,8.0,06:44:29,18:55:11,Adams
2020-09-21,78.0,38.6,57.9,45.3,0.0,,11.0,394.1,20.0,8.0,06:50:33,19:00:49,Alamosa
2020-09-21,85.9,52.7,69.3,35.5,0.0,,33.4,303.6,14.2,7.0,06:44:31,18:55:10,Arapahoe
2020-09-21,74.2,43.1,58.8,38.3,0.0,,5.3,198.4,16.7,8.0,06:55:39,19:05:50,Archuleta
2020-09-21,86.0,54.0,69.5,40.2,0.0,,0.0,243.1,20.9,8.0,06:37:34,18:47:48,Baca
2020-09-21,88.9,53.2,72.3,37.7,0.0,,0.0,279.9,21.0,8.0,06:39:40,18:50:01,Bent
2020-09-21,83.6,41.7,58.3,54.5,0.0,,8.8,170.5,14.7,7.0,06:48:44,18:59:28,Boulder
2020-09-21,86.7,52.4,69.1,39.4,0.0,,8.1,163.4,13.8,6.0,06:47:22,18:58:05,Broomfield
2020-09-21,69.5,49.9,57.3,31.9,0.0,,24.9,259.5,19.6,10.0,06:52:33,19:03:02,Chaffee
2020-09-21,90.0,48.8,70.5,39.8,0.0,,0.0,236.0,20.4,8.0,06:37:41,18:48:12,Cheyenne
2020-09-21,48.2,37.9,42.3,48.8,4.17,['rain'],32.9,230.9,19.5,8.0,06:49:52,19:00:31,Clear Creek
2020-09-21,73.7,40.2,56.5,43.9,0.0,,14.9,53.0,4.8,1.0,06:52:09,19:02:21,Conejos
2020-09-21,78.2,38.0,57.8,45.9,0.0,,10.4,136.6,12.0,7.0,06:49:09,18:59:22,Costilla
2020-09-21,86.7,57.4,73.0,34.4,8.33,['rain'],4.1,269.0,13.4,7.0,06:42:28,18:52:53,Crowley
2020-09-21,83.8,51.0,67.8,34.4,0.0,,7.6,287.8,14.4,8.0,06:48:51,18:59:12,Custer
2020-09-21,87.5,54.8,69.5,27.8,0.0,,3.7,318.3,21.9,8.0,06:58:44,19:09:13,Delta
2020-09-21,85.6,52.2,69.0,35.8,0.0,,33.6,315.5,15.9,7.0,06:46:42,18:57:22,Denver
2020-09-21,75.1,47.2,60.6,38.4,0.0,,10.3,387.0,19.4,9.0,07:01:31,19:11:47,Dolores
2020-09-21,82.2,51.3,66.6,35.1,0.0,,31.8,310.9,15.7,7.0,06:46:55,18:57:31,Douglas
2020-09-21,77.4,40.2,58.0,37.1,0.0,,6.0,304.9,18.6,8.0,06:53:58,19:04:36,Eagle
2020-09-21,83.4,51.6,64.9,40.2,8.33,['rain'],16.4,376.8,17.4,8.0,06:43:41,18:54:17,Elbert
2020-09-21,82.1,59.5,69.3,33.1,12.5,['rain'],45.8,308.3,14.2,7.0,06:45:23,18:55:53,El Paso
2020-09-21,81.6,58.6,69.0,30.3,4.17,['rain'],35.1,394.2,19.8,8.0,06:49:00,18:59:25,Fremont
2020-09-21,86.3,45.8,64.4,33.3,0.0,,0.1,309.5,19.0,9.0,06:58:50,19:09:28,Garfield
2020-09-21,67.0,37.1,47.2,46.5,0.0,,31.5,254.3,21.6,6.0,06:49:17,18:59:58,Gilpin
2020-09-21,69.1,34.4,50.3,47.7,4.17,['rain'],20.7,212.3,18.3,7.0,06:51:31,19:02:16,Grand
2020-09-21,74.3,36.5,55.7,45.9,0.0,,15.1,325.3,21.1,9.0,06:55:36,19:06:04,Gunnison
2020-09-21,67.3,44.6,55.6,38.4,0.0,,20.7,282.1,14.2,8.0,06:56:55,19:07:13,Hinsdale
2020-09-21,85.4,59.2,71.8,32.5,0.0,,7.9,225.5,19.3,9.0,06:47:14,18:57:31,Huerfano
2020-09-21,76.3,40.6,55.2,41.5,0.0,,21.2,358.3,20.7,8.0,06:52:23,19:03:15,Jackson
2020-09-21,85.0,52.4,69.1,34.2,0.0,,34.4,272.8,12.8,7.0,06:48:10,18:58:49,Jefferson
2020-09-21,89.6,50.5,71.3,39.8,0.0,,0.0,236.0,20.4,8.0,06:38:20,18:48:46,Kiowa
2020-09-21,89.6,49.4,70.3,40.6,0.0,,0.0,237.2,11.1,5.0,06:37:38,18:48:14,Kit Carson
2020-09-21,64.1,32.2,46.9,50.2,0.0,,22.8,161.5,13.9,6.0,06:52:38,19:03:12,Lake
2020-09-21,78.9,44.9,62.5,35.8,0.0,,12.5,231.8,20.1,9.0,06:58:48,19:09:00,La Plata
2020-09-21,82.3,49.8,66.0,47.5,0.0,,1.2,273.4,13.9,7.0,06:49:00,18:59:51,Larimer
2020-09-21,82.3,61.0,70.2,33.4,0.0,,15.1,388.0,19.7,8.0,06:43:36,18:53:50,Las Animas
2020-09-21,85.6,50.4,65.7,40.8,8.33,['rain'],13.4,278.9,12.9,6.0,06:41:17,18:51:49,Lincoln
2020-09-21,86.1,49.1,67.2,53.6,0.0,,2.7,218.0,18.8,7.0,06:39:25,18:50:18,Logan
2020-09-21,87.3,56.0,70.6,25.5,0.0,,0.5,422.0,21.4,8.0,07:01:07,19:11:37,Mesa
2020-09-21,62.5,43.5,52.5,40.9,0.0,,21.2,240.8,20.7,9.0,06:55:08,19:05:24,Mineral
2020-09-21,81.6,40.7,59.7,39.6,0.0,,6.9,411.8,20.7,8.0,06:59:54,19:10:44,Moffat
2020-09-21,82.2,44.4,62.2,42.7,0.0,,1.2,392.1,19.7,9.0,07:01:49,19:12:01,Montezuma
2020-09-21,83.2,53.0,67.1,30.3,0.0,,9.3,186.2,13.3,6.0,07:00:23,19:10:47,Montrose
2020-09-21,86.6,49.6,68.5,41.7,0.0,,0.2,308.8,15.5,6.0,06:42:20,18:53:08,Morgan
2020-09-21,86.6,56.1,72.1,36.9,0.0,,0.0,226.0,19.5,7.0,06:42:15,18:52:35,Otero
2020-09-21,73.9,47.9,59.9,35.0,0.0,,19.1,435.0,22.0,9.0,06:58:25,19:08:46,Ouray
2020-09-21,63.2,44.9,51.0,35.6,0.0,,20.9,235.2,20.1,8.0,06:50:07,19:00:40,Park
2020-09-21,87.9,53.3,69.6,49.7,0.0,,1.9,376.2,17.7,7.0,06:36:27,18:47:19,Phillips
2020-09-21,74.9,44.9,58.7,37.4,0.0,,12.4,280.6,18.2,8.0,06:54:54,19:05:28,Pitkin
2020-09-21,89.1,50.0,70.3,42.0,0.0,,0.0,222.8,19.1,8.0,06:36:56,18:47:17,Prowers
2020-09-21,87.9,55.5,72.4,33.1,4.17,['rain'],1.7,283.2,17.4,7.0,06:45:18,18:55:41,Pueblo
2020-09-21,81.2,40.8,60.5,38.8,0.0,,1.0,424.2,21.5,8.0,06:59:58,19:10:39,Rio Blanco
2020-09-21,67.7,43.8,54.9,41.2,0.0,,21.8,224.8,19.6,10.0,06:53:14,19:03:28,Rio Grande
2020-09-21,78.2,39.2,58.3,40.4,0.0,,6.9,385.2,19.3,8.0,06:55:02,19:05:51,Routt
2020-09-21,76.8,44.6,60.0,36.9,0.0,,19.3,366.9,18.7,8.0,06:52:21,19:02:41,Saguache
2020-09-21,70.7,45.4,56.9,37.4,0.0,,21.8,282.1,14.2,8.0,06:58:04,19:08:21,San Juan
2020-09-21,74.3,47.3,60.0,36.0,0.0,,17.5,355.2,18.0,7.0,07:01:05,19:11:24,San Miguel
2020-09-21,86.0,50.8,67.5,54.0,0.0,,5.3,215.8,18.6,7.0,06:36:28,18:47:23,Sedgwick
2020-09-21,56.3,43.6,49.4,40.8,4.17,['rain'],30.3,221.7,19.2,7.0,06:51:44,19:02:23,Summit
2020-09-21,81.8,55.8,67.6,32.8,4.17,['rain'],33.6,292.0,14.7,7.0,06:48:00,18:58:30,Teller
2020-09-21,85.1,50.4,68.0,47.2,0.0,,0.0,404.4,19.0,7.0,06:39:59,18:50:43,Washington
2020-09-21,86.8,48.7,67.2,48.1,0.0,,0.8,368.9,18.6,7.0,06:44:37,18:55:28,Weld
2020-09-21,87.6,51.7,69.2,49.0,0.0,,1.9,219.4,19.0,7.0,06:36:50,18:47:34,Yuma
2020-09-28,61.2,37.5,48.9,39.8,0.0,,39.2,378.0,17.7,8.0,06:51:11,18:43:41,Adams
2020-09-28,57.8,30.8,43.5,53.6,0.0,,0.0,387.9,19.6,8.0,06:56:32,18:50:02,Alamosa
2020-09-28,60.7,37.4,48.6,40.3,0.0,,40.5,317.1,14.9,6.0,06:51:08,18:43:44,Arapahoe
2020-09-28,62.7,36.3,49.3,34.2,0.0,,4.0,497.1,43.1,8.0,07:01:31,18:55:09,Archuleta
2020-09-28,64.2,40.0,52.5,34.6,0.0,,3.1,433.8,20.3,8.0,06:43:28,18:37:06,Baca
2020-09-28,67.1,43.9,55.4,31.9,0.0,,15.9,418.0,19.6,9.0,06:45:46,18:39:07,Bent
2020-09-28,55.9,30.9,43.8,51.0,0.0,,13.6,207.1,18.1,7.0,06:55:30,18:47:54,Boulder
2020-09-28,62.7,38.5,50.7,40.7,0.0,,18.0,190.3,16.1,7.0,06:54:05,18:46:33,Broomfield
2020-09-28,53.6,29.5,40.8,47.8,0.0,,24.1,268.5,23.3,9.0,06:58:53,18:51:53,Chaffee
2020-09-28,64.1,36.0,49.2,40.2,0.0,,4.6,239.8,20.7,8.0,06:44:03,18:37:01,Cheyenne
2020-09-28,34.2,13.5,23.6,42.6,0.0,,22.2,337.6,29.4,8.0,06:56:30,18:49:05,Clear Creek
2020-09-28,55.5,30.5,42.4,51.1,0.0,,0.0,260.9,17.8,10.0,06:58:01,18:51:40,Conejos
2020-09-28,57.8,30.8,43.4,54.1,0.0,,0.0,200.3,17.3,10.0,06:55:02,18:48:40,Costilla
2020-09-28,66.1,45.7,54.5,32.8,0.0,,27.2,257.6,18.6,8.0,06:48:41,18:41:52,Crowley
2020-09-28,63.2,40.7,50.3,41.0,0.0,,24.5,330.0,16.7,8.0,06:54:59,18:48:15,Custer
2020-09-28,68.9,37.9,53.9,26.4,0.0,,0.0,208.8,18.1,8.0,07:05:07,18:58:02,Delta
2020-09-28,60.5,36.9,48.2,40.4,0.0,,41.1,345.8,16.0,7.0,06:53:21,18:45:54,Denver
2020-09-28,66.0,40.8,52.8,25.4,0.0,,0.0,336.9,21.9,8.0,07:07:33,19:00:57,Dolores
2020-09-28,57.0,34.5,45.3,45.3,0.0,,31.7,446.3,22.6,8.0,06:53:27,18:46:11,Douglas
2020-09-28,59.0,26.4,42.3,34.6,0.0,,1.9,392.4,21.4,8.0,07:00:35,18:53:10,Eagle
2020-09-28,57.6,33.3,44.9,42.0,0.0,,14.3,428.0,20.0,8.0,06:50:12,18:42:58,Elbert
2020-09-28,59.1,37.1,48.0,37.6,0.0,,34.7,340.8,15.9,7.0,06:51:45,18:44:42,El Paso
2020-09-28,57.8,37.7,47.8,38.2,0.0,,27.5,415.4,20.9,9.0,06:55:15,18:48:22,Fremont
2020-09-28,66.0,33.5,49.3,29.6,0.0,,0.0,348.0,18.6,8.0,07:05:27,18:58:03,Garfield
2020-09-28,43.1,19.5,31.2,40.4,0.0,,20.9,326.8,28.5,8.0,06:55:58,18:48:28,Gilpin
2020-09-28,50.5,17.3,34.4,44.3,0.0,,9.4,201.7,17.5,7.0,06:58:18,18:50:40,Grand
2020-09-28,59.8,27.5,44.3,37.3,0.0,,0.0,392.9,22.5,9.0,07:01:55,18:54:56,Gunnison
2020-09-28,56.8,33.5,44.7,31.4,0.0,,0.6,365.3,18.2,8.0,07:02:58,18:56:21,Hinsdale
2020-09-28,63.4,40.9,51.2,42.2,0.0,,42.8,361.7,17.0,9.0,06:53:15,18:46:42,Huerfano
2020-09-28,52.1,18.0,35.9,42.6,0.0,,10.2,277.1,20.1,8.0,06:59:21,18:51:29,Jackson
2020-09-28,59.8,37.6,48.3,41.5,0.0,,39.9,321.6,22.1,7.0,06:54:47,18:47:24,Jefferson
2020-09-28,67.0,41.7,55.1,32.8,0.0,,12.7,239.8,20.7,8.0,06:44:34,18:37:44,Kiowa
2020-09-28,64.2,36.1,49.3,40.4,0.0,,4.5,225.1,19.5,8.0,06:44:09,18:36:54,Kit Carson
2020-09-28,48.8,23.0,34.9,34.8,0.0,,0.2,213.9,18.3,7.0,06:59:07,18:51:54,Lake
2020-09-28,67.4,36.8,53.0,28.9,0.0,,0.0,253.8,22.0,8.0,07:04:41,18:58:17,La Plata
2020-09-28,63.3,35.7,48.5,43.7,0.0,,10.7,302.8,19.7,8.0,06:55:57,18:48:05,Larimer
2020-09-28,60.9,38.1,48.9,44.4,0.0,,46.1,240.8,20.8,8.0,06:49:30,18:43:07,Las Animas
2020-09-28,59.1,34.5,46.4,39.1,0.0,,14.5,401.1,18.7,7.0,06:47:42,18:40:36,Lincoln
2020-09-28,63.9,36.4,48.5,43.4,0.0,,5.8,417.8,19.3,7.0,06:46:24,18:38:31,Logan
2020-09-28,69.2,42.5,58.1,18.9,0.0,,0.0,436.4,20.4,8.0,07:07:32,19:00:23,Mesa
2020-09-28,51.8,32.4,41.5,41.1,0.0,,1.5,363.0,31.4,8.0,07:01:08,18:54:35,Mineral
2020-09-28,59.6,25.3,42.8,37.5,0.0,,1.8,415.9,20.9,8.0,07:06:50,18:58:59,Moffat
2020-09-28,73.3,41.5,58.4,22.8,0.0,,0.0,257.9,22.3,9.0,07:07:43,19:01:18,Montezuma
2020-09-28,64.7,36.4,50.6,31.5,0.0,,0.0,261.5,21.6,8.0,07:06:37,18:59:44,Montrose
2020-09-28,63.8,30.8,48.6,37.4,0.0,,11.7,326.5,15.2,6.0,06:49:10,18:41:30,Morgan
2020-09-28,64.9,39.4,53.5,33.2,0.0,,22.0,232.4,20.0,8.0,06:48:20,18:41:42,Otero
2020-09-28,59.0,34.0,46.1,32.2,0.0,,0.0,410.4,20.5,8.0,07:04:34,18:57:48,Ouray
2020-09-28,44.7,23.0,32.1,38.6,0.0,,13.7,226.0,19.5,8.0,06:56:34,18:49:24,Park
2020-09-28,66.2,41.8,52.6,41.0,0.0,,1.0,398.5,18.8,7.0,06:43:23,18:35:34,Phillips
2020-09-28,57.8,24.2,41.2,36.6,0.0,,0.0,343.9,19.8,8.0,07:01:23,18:54:10,Pitkin
2020-09-28,66.5,40.0,54.5,34.1,0.0,,6.3,215.5,18.8,8.0,06:43:01,18:36:22,Prowers
2020-09-28,65.5,43.9,53.4,39.2,0.0,,39.2,221.4,19.2,7.0,06:51:28,18:44:42,Pueblo
2020-09-28,60.8,27.4,43.9,36.1,0.0,,0.0,425.4,21.5,8.0,07:06:41,18:59:07,Rio Blanco
2020-09-28,52.5,30.0,41.3,47.6,0.0,,0.0,261.9,18.9,9.0,06:59:11,18:52:42,Rio Grande
2020-09-28,56.2,24.2,40.8,39.4,0.0,,1.8,380.9,19.2,8.0,07:01:56,18:54:08,Routt
2020-09-28,58.8,31.9,44.9,45.9,0.0,,0.8,462.1,23.2,9.0,06:58:28,18:51:45,Saguache
2020-09-28,58.3,33.2,45.4,31.0,0.0,,0.0,365.3,18.2,8.0,07:04:07,18:57:30,San Juan
2020-09-28,60.7,35.8,47.4,31.2,0.0,,0.0,405.5,20.5,8.0,07:07:11,19:00:29,San Miguel
2020-09-28,65.6,41.8,51.6,41.1,0.0,,2.0,220.9,18.9,8.0,06:43:29,18:35:33,Sedgwick
2020-09-28,40.4,21.3,30.6,36.9,0.0,,15.6,267.0,23.0,9.0,06:58:21,18:50:57,Summit
2020-09-28,56.8,35.7,46.3,39.7,0.0,,27.2,397.1,19.9,8.0,06:54:23,18:47:19,Teller
2020-09-28,62.2,29.9,46.5,46.3,0.0,,13.1,247.6,19.6,7.0,06:46:43,18:39:11,Washington
2020-09-28,64.3,31.0,48.0,42.6,0.0,,10.4,326.2,18.8,7.0,06:51:32,18:43:44,Weld
2020-09-28,66.0,37.0,50.2,43.7,0.0,,4.5,227.0,19.6,7.0,06:43:34,18:36:01,Yuma
