,County,Estimate!!Total,Estimate!!Total!!Utility gas,"Estimate!!Total!!Bottled, tank, or LP gas",Estimate!!Total!!Electricity,"Estimate!!Total!!Fuel oil, kerosene, etc.",Estimate!!Total!!Coal or coke,Estimate!!Total!!Wood,Estimate!!Total!!Solar energy,Estimate!!Total!!Other fuel,Estimate!!Total!!No fuel used,State,County Number,Year,Census_Population,FIPS,County Seat(s),Population (2010),Land Area km2,Land Area mi2,Water Area km2,Water Area mi2,Total Area km2,Total Area mi2,Latitude,Longitude,tempmax,tempmin,temp,humidity,precipcover,cloudcover,solarradiation,solarenergy,uvindex
0,Phillips,1696.0,934.0,298.0,409.0,2.0,0.0,9.0,0.0,41.0,3.0,8.0,95.0,2017,4327.0,8095.0,Holyoke,"4,442","1,781.73",687.928,0.302,0.117,"1,782.03",688.045,40.594712,-102.345105,68.3538461538462,39.3512820512821,52.9397435897436,56.8224358974359,2.59083333333333,16.7628205128205,222.436538461538,14.9538461538462,5.94230769230769
1,Phillips,1668.0,982.0,313.0,331.0,2.0,0.0,9.0,0.0,23.0,8.0,8.0,95.0,2018,4318.0,8095.0,Holyoke,"4,442","1,781.73",687.928,0.302,0.117,"1,782.03",688.045,40.594712,-102.345105,68.3538461538462,39.3512820512821,52.9397435897436,56.8224358974359,2.59083333333333,16.7628205128205,222.436538461538,14.9538461538462,5.94230769230769
2,Phillips,1689.0,1041.0,264.0,347.0,2.0,0.0,0.0,0.0,25.0,10.0,8.0,95.0,2019,4290.0,8095.0,Holyoke,"4,442","1,781.73",687.928,0.302,0.117,"1,782.03",688.045,40.594712,-102.345105,68.3538461538462,39.3512820512821,52.9397435897436,56.8224358974359,2.59083333333333,16.7628205128205,222.436538461538,14.9538461538462,5.94230769230769
3,Phillips,1737.0,1159.0,264.0,277.0,3.0,0.0,1.0,0.0,26.0,7.0,8.0,95.0,2020,4343.0,8095.0,Holyoke,"4,442","1,781.73",687.928,0.302,0.117,"1,782.03",688.045,40.594712,-102.345105,68.3538461538462,39.3512820512821,52.9397435897436,56.8224358974359,2.59083333333333,16.7628205128205,222.436538461538,14.9538461538462,5.94230769230769
4,Phillips,1733.5,1212.5,247.0,246.0,3.0,0.0,0.0,0.0,18.0,10.5,,,2021,,,,,,,,,,,,,,,,,,,,,
5,Archuleta,5553.0,2437.0,1435.0,675.0,0.0,20.0,852.0,57.0,57.0,20.0,8.0,7.0,2017,12592.0,8007.0,Pagosa Springs,"12,084","3,496.94","1,350.18",13.828,5.339,"3,510.77","1,355.51",37.202395,-107.050863,59.4903846153846,32.6288461538462,45.6076923076923,54.2878205128205,6.19666666666667,27.4096153846154,218.167307692308,17.6352564102564,7.03846153846154
6,Archuleta,5670.0,2337.0,1711.0,563.0,0.0,10.0,922.0,66.0,39.0,22.0,8.0,7.0,2018,12908.0,8007.0,Pagosa Springs,"12,084","3,496.94","1,350.18",13.828,5.339,"3,510.77","1,355.51",37.202395,-107.050863,59.4903846153846,32.6288461538462,45.6076923076923,54.2878205128205,6.19666666666667,27.4096153846154,218.167307692308,17.6352564102564,7.03846153846154
7,Archuleta,5858.0,2510.0,1736.0,591.0,0.0,4.0,862.0,55.0,81.0,19.0,8.0,7.0,2019,13253.0,8007.0,Pagosa Springs,"12,084","3,496.94","1,350.18",13.828,5.339,"3,510.77","1,355.51",37.202395,-107.050863,59.4903846153846,32.6288461538462,45.6076923076923,54.2878205128205,6.19666666666667,27.4096153846154,218.167307692308,17.6352564102564,7.03846153846154
8,Archuleta,5736.0,2363.0,1700.0,599.0,0.0,125.0,804.0,58.0,79.0,8.0,8.0,7.0,2020,13588.0,8007.0,Pagosa Springs,"12,084","3,496.94","1,350.18",13.828,5.339,"3,510.77","1,355.51",37.202395,-107.050863,59.4903846153846,32.6288461538462,45.6076923076923,54.2878205128205,6.19666666666667,27.4096153846154,218.167307692308,17.6352564102564,7.03846153846154
9,Archuleta,5888.5,2399.5,1850.5,557.0,0.0,117.0,809.0,57.0,91.0,7.5,,,2021,,,,,,,,,,,,,,,,,,,,,
10,Denver,287262.0,195093.0,3306.0,82257.0,308.0,35.0,301.0,610.0,2841.0,2511.0,8.0,31.0,2017,678467.0,8031.0,Denver,"600,158",396.269,153,4.225,1.631,400.494,154.631,39.761849,-104.880625,65.8480769230769,39.699358974359,52.000641025641,46.8576923076923,5.12807692307692,51.6294871794872,244.592307692308,14.9833333333333,6.28205128205128
11,Denver,294358.0,199139.0,3577.0,84775.0,342.0,8.0,332.0,684.0,3055.0,2446.0,8.0,31.0,2018,693417.0,8031.0,Denver,"600,158",396.269,153,4.225,1.631,400.494,154.631,39.761849,-104.880625,65.8480769230769,39.699358974359,52.000641025641,46.8576923076923,5.12807692307692,51.6294871794872,244.592307692308,14.9833333333333,6.28205128205128
12,Denver,301501.0,202325.0,3435.0,88795.0,363.0,8.0,333.0,814.0,2826.0,2602.0,8.0,31.0,2019,705576.0,8031.0,Denver,"600,158",396.269,153,4.225,1.631,400.494,154.631,39.761849,-104.880625,65.8480769230769,39.699358974359,52.000641025641,46.8576923076923,5.12807692307692,51.6294871794872,244.592307692308,14.9833333333333,6.28205128205128
13,Denver,287756.0,191899.0,3762.0,85216.0,341.0,15.0,263.0,772.0,2925.0,2563.0,8.0,31.0,2020,715878.0,8031.0,Denver,"600,158",396.269,153,4.225,1.631,400.494,154.631,39.761849,-104.880625,65.8480769230769,39.699358974359,52.000641025641,46.8576923076923,5.12807692307692,51.6294871794872,244.592307692308,14.9833333333333,6.28205128205128
14,Denver,294875.5,195515.0,3826.5,88485.0,368.5,1.5,279.0,874.0,2917.5,2608.5,,,2021,,,,,,,,,,,,,,,,,,,,,
15,Kiowa,576.0,336.0,158.0,57.0,2.0,0.0,16.0,0.0,4.0,3.0,8.0,61.0,2017,1368.0,8061.0,Eads,"1,398","4,578.50","1,767.77",47.033,18.16,"4,625.53","1,785.93",38.388466,-102.75621,71.1910256410256,38.9717948717949,54.4692307692308,51.2314102564103,3.36544871794872,19.1051282051282,207.478205128205,16.9564102564103,6.91025641025641
16,Kiowa,593.0,381.0,123.0,66.0,0.0,0.0,16.0,0.0,4.0,3.0,8.0,61.0,2018,1449.0,8061.0,Eads,"1,398","4,578.50","1,767.77",47.033,18.16,"4,625.53","1,785.93",38.388466,-102.75621,71.1910256410256,38.9717948717949,54.4692307692308,51.2314102564103,3.36544871794872,19.1051282051282,207.478205128205,16.9564102564103,6.91025641025641
17,Kiowa,638.0,402.0,134.0,67.0,0.0,0.0,15.0,0.0,17.0,3.0,8.0,61.0,2019,1489.0,8061.0,Eads,"1,398","4,578.50","1,767.77",47.033,18.16,"4,625.53","1,785.93",38.388466,-102.75621,71.1910256410256,38.9717948717949,54.4692307692308,51.2314102564103,3.36544871794872,19.1051282051282,207.478205128205,16.9564102564103,6.91025641025641
18,Kiowa,615.0,365.0,142.0,80.0,0.0,0.0,12.0,0.0,14.0,2.0,8.0,61.0,2020,1463.0,8061.0,Eads,"1,398","4,578.50","1,767.77",47.033,18.16,"4,625.53","1,785.93",38.388466,-102.75621,71.1910256410256,38.9717948717949,54.4692307692308,51.2314102564103,3.36544871794872,19.1051282051282,207.478205128205,16.9564102564103,6.91025641025641
19,Kiowa,646.0,398.0,130.0,85.0,0.0,0.0,11.5,0.0,20.5,2.0,,,2021,,,,,,,,,,,,,,,,,,,,,
20,Huerfano,3173.0,1015.0,1000.0,526.0,0.0,23.0,547.0,31.0,25.0,6.0,8.0,55.0,2017,6498.0,8055.0,Walsenburg,"6,711","4,120.67","1,591.00",5.792,2.236,"4,126.47","1,593.24",37.687815,-104.959928,61.3769230769231,35.8653846153846,47.0288461538462,47.9544871794872,6.30378205128205,22.9294871794872,261.196794871795,16.1467948717949,7.28846153846154
21,Huerfano,3282.0,1165.0,1045.0,500.0,0.0,0.0,523.0,23.0,21.0,5.0,8.0,55.0,2018,6583.0,8055.0,Walsenburg,"6,711","4,120.67","1,591.00",5.792,2.236,"4,126.47","1,593.24",37.687815,-104.959928,61.3769230769231,35.8653846153846,47.0288461538462,47.9544871794872,6.30378205128205,22.9294871794872,261.196794871795,16.1467948717949,7.28846153846154
22,Huerfano,3225.0,1223.0,1048.0,413.0,0.0,0.0,493.0,19.0,24.0,5.0,8.0,55.0,2019,6679.0,8055.0,Walsenburg,"6,711","4,120.67","1,591.00",5.792,2.236,"4,126.47","1,593.24",37.687815,-104.959928,61.3769230769231,35.8653846153846,47.0288461538462,47.9544871794872,6.30378205128205,22.9294871794872,261.196794871795,16.1467948717949,7.28846153846154
23,Huerfano,3057.0,1200.0,1049.0,341.0,0.0,0.0,439.0,11.0,17.0,0.0,8.0,55.0,2020,6769.0,8055.0,Walsenburg,"6,711","4,120.67","1,591.00",5.792,2.236,"4,126.47","1,593.24",37.687815,-104.959928,61.3769230769231,35.8653846153846,47.0288461538462,47.9544871794872,6.30378205128205,22.9294871794872,261.196794871795,16.1467948717949,7.28846153846154
24,Huerfano,3083.0,1304.0,1073.0,284.5,0.0,0.0,412.0,5.0,16.5,0.0,,,2021,,,,,,,,,,,,,,,,,,,,,
25,Baca,1603.0,1033.0,346.0,180.0,0.0,0.0,17.0,5.0,18.0,4.0,8.0,9.0,2017,3581.0,8009.0,Springfield,"3,788","6,617.33","2,554.97",6.142,2.372,"6,623.48","2,557.34",37.303144,-102.535457,70.8089743589744,40.6121794871795,55.1923076923077,50.4153846153846,2.96467948717949,18.8403846153846,295.008333333333,17.8121794871795,7.26282051282051
26,Baca,1642.0,1114.0,335.0,155.0,0.0,0.0,16.0,5.0,17.0,0.0,8.0,9.0,2018,3563.0,8009.0,Springfield,"3,788","6,617.33","2,554.97",6.142,2.372,"6,623.48","2,557.34",37.303144,-102.535457,70.8089743589744,40.6121794871795,55.1923076923077,50.4153846153846,2.96467948717949,18.8403846153846,295.008333333333,17.8121794871795,7.26282051282051
27,Baca,1662.0,1084.0,381.0,169.0,0.0,0.0,9.0,6.0,13.0,0.0,8.0,9.0,2019,3561.0,8009.0,Springfield,"3,788","6,617.33","2,554.97",6.142,2.372,"6,623.48","2,557.34",37.303144,-102.535457,70.8089743589744,40.6121794871795,55.1923076923077,50.4153846153846,2.96467948717949,18.8403846153846,295.008333333333,17.8121794871795,7.26282051282051
28,Baca,1728.0,1181.0,356.0,149.0,0.0,0.0,14.0,4.0,24.0,0.0,8.0,9.0,2020,3570.0,8009.0,Springfield,"3,788","6,617.33","2,554.97",6.142,2.372,"6,623.48","2,557.34",37.303144,-102.535457,70.8089743589744,40.6121794871795,55.1923076923077,50.4153846153846,2.96467948717949,18.8403846153846,295.008333333333,17.8121794871795,7.26282051282051
29,Baca,1757.5,1206.5,373.5,143.5,0.0,0.0,10.0,4.5,21.5,0.0,,,2021,,,,,,,,,,,,,,,,,,,,,
30,Chaffee,7900.0,3916.0,1700.0,1191.0,16.0,6.0,971.0,48.0,40.0,12.0,8.0,15.0,2017,18818.0,8015.0,Salida,"17,809","2,624.70","1,013.40",4.013,1.55,"2,628.72","1,014.95",38.738246,-106.316972,53.223717948718,33.8980769230769,43.3294871794872,43.6032051282051,6.7575641025641,33.3871794871795,247.026282051282,18.7461538461538,7.89102564102564
31,Chaffee,7958.0,3887.0,1796.0,1251.0,16.0,6.0,852.0,72.0,64.0,14.0,8.0,15.0,2018,19164.0,8015.0,Salida,"17,809","2,624.70","1,013.40",4.013,1.55,"2,628.72","1,014.95",38.738246,-106.316972,53.223717948718,33.8980769230769,43.3294871794872,43.6032051282051,6.7575641025641,33.3871794871795,247.026282051282,18.7461538461538,7.89102564102564
32,Chaffee,8231.0,3889.0,2025.0,1231.0,19.0,14.0,840.0,91.0,91.0,31.0,8.0,15.0,2019,19557.0,8015.0,Salida,"17,809","2,624.70","1,013.40",4.013,1.55,"2,628.72","1,014.95",38.738246,-106.316972,53.223717948718,33.8980769230769,43.3294871794872,43.6032051282051,6.7575641025641,33.3871794871795,247.026282051282,18.7461538461538,7.89102564102564
33,Chaffee,8650.0,3917.0,2220.0,1499.0,31.0,12.0,748.0,87.0,100.0,36.0,8.0,15.0,2020,19977.0,8015.0,Salida,"17,809","2,624.70","1,013.40",4.013,1.55,"2,628.72","1,014.95",38.738246,-106.316972,53.223717948718,33.8980769230769,43.3294871794872,43.6032051282051,6.7575641025641,33.3871794871795,247.026282051282,18.7461538461538,7.89102564102564
34,Chaffee,8815.5,3903.5,2382.5,1519.0,32.5,16.0,682.5,108.5,125.5,45.5,,,2021,,,,,,,,,,,,,,,,,,,,,
35,Gilpin,2603.0,1239.0,353.0,488.0,21.0,0.0,467.0,0.0,35.0,0.0,8.0,47.0,2017,5793.0,8047.0,Central City,"5,441",388.229,149.896,0.942,0.364,389.171,150.26,39.861082,-105.528947,45.4198717948718,27.8044871794872,35.8038461538462,51.575,9.61570512820513,31.2865384615385,275.803846153846,23.8076923076923,7.0448717948718
36,Gilpin,2653.0,1261.0,378.0,545.0,27.0,0.0,390.0,0.0,52.0,0.0,8.0,47.0,2018,5924.0,8047.0,Central City,"5,441",388.229,149.896,0.942,0.364,389.171,150.26,39.861082,-105.528947,45.4198717948718,27.8044871794872,35.8038461538462,51.575,9.61570512820513,31.2865384615385,275.803846153846,23.8076923076923,7.0448717948718
37,Gilpin,2802.0,1330.0,349.0,624.0,0.0,0.0,363.0,15.0,121.0,0.0,8.0,47.0,2019,6018.0,8047.0,Central City,"5,441",388.229,149.896,0.942,0.364,389.171,150.26,39.861082,-105.528947,45.4198717948718,27.8044871794872,35.8038461538462,51.575,9.61570512820513,31.2865384615385,275.803846153846,23.8076923076923,7.0448717948718
38,Gilpin,2860.0,1397.0,445.0,590.0,97.0,0.0,219.0,19.0,93.0,0.0,8.0,47.0,2020,6108.0,8047.0,Central City,"5,441",388.229,149.896,0.942,0.364,389.171,150.26,39.861082,-105.528947,45.4198717948718,27.8044871794872,35.8038461538462,51.575,9.61570512820513,31.2865384615385,275.803846153846,23.8076923076923,7.0448717948718
39,Gilpin,2959.5,1442.5,443.0,658.0,86.5,0.0,167.0,26.5,136.0,0.0,,,2021,,,,,,,,,,,,,,,,,,,,,
40,Kit Carson,2995.0,1941.0,527.0,439.0,0.0,0.0,22.0,0.0,52.0,14.0,8.0,63.0,2017,7846.0,8063.0,Burlington,"8,270","5,596.50","2,160.82",2.252,0.869,"5,598.75","2,161.69",39.30534,-102.603023,67.7596153846154,39.1032051282051,52.7333333333333,52.843589743589696,4.67403846153846,21.5173076923077,234.559615384615,16.6019230769231,6.68589743589744
41,Kit Carson,2977.0,2035.0,486.0,374.0,0.0,0.0,22.0,0.0,46.0,14.0,8.0,63.0,2018,7635.0,8063.0,Burlington,"8,270","5,596.50","2,160.82",2.252,0.869,"5,598.75","2,161.69",39.30534,-102.603023,67.7596153846154,39.1032051282051,52.7333333333333,52.843589743589696,4.67403846153846,21.5173076923077,234.559615384615,16.6019230769231,6.68589743589744
42,Kit Carson,3004.0,2219.0,441.0,264.0,0.0,0.0,30.0,0.0,37.0,13.0,8.0,63.0,2019,7447.0,8063.0,Burlington,"8,270","5,596.50","2,160.82",2.252,0.869,"5,598.75","2,161.69",39.30534,-102.603023,67.7596153846154,39.1032051282051,52.7333333333333,52.843589743589696,4.67403846153846,21.5173076923077,234.559615384615,16.6019230769231,6.68589743589744
43,Kit Carson,3020.0,2198.0,334.0,382.0,0.0,0.0,54.0,0.0,37.0,15.0,8.0,63.0,2020,7246.0,8063.0,Burlington,"8,270","5,596.50","2,160.82",2.252,0.869,"5,598.75","2,161.69",39.30534,-102.603023,67.7596153846154,39.1032051282051,52.7333333333333,52.843589743589696,4.67403846153846,21.5173076923077,234.559615384615,16.6019230769231,6.68589743589744
44,Kit Carson,3024.5,2337.0,291.0,294.5,0.0,0.0,58.0,0.0,29.5,14.5,,,2021,,,,,,,,,,,,,,,,,,,,,
45,Garfield,21055.0,14414.0,1384.0,3994.0,34.0,84.0,819.0,54.0,225.0,47.0,8.0,45.0,2017,57945.0,8045.0,Glenwood Springs,"56,389","7,634.15","2,947.56",21.431,8.274,"7,655.58","2,955.84",39.599352,-107.90978,64.3121794871795,35.7179487179487,49.457692307692305,48.7211538461539,4.19365384615385,23.6544871794872,243.291666666667,17.2615384615385,7.48717948717949
46,Garfield,21138.0,14095.0,1531.0,4282.0,10.0,79.0,783.0,78.0,216.0,64.0,8.0,45.0,2018,58538.0,8045.0,Glenwood Springs,"56,389","7,634.15","2,947.56",21.431,8.274,"7,655.58","2,955.84",39.599352,-107.90978,64.3121794871795,35.7179487179487,49.457692307692305,48.7211538461539,4.19365384615385,23.6544871794872,243.291666666667,17.2615384615385,7.48717948717949
47,Garfield,21498.0,13979.0,1437.0,4777.0,10.0,33.0,943.0,85.0,180.0,54.0,8.0,45.0,2019,59055.0,8045.0,Glenwood Springs,"56,389","7,634.15","2,947.56",21.431,8.274,"7,655.58","2,955.84",39.599352,-107.90978,64.3121794871795,35.7179487179487,49.457692307692305,48.7211538461539,4.19365384615385,23.6544871794872,243.291666666667,17.2615384615385,7.48717948717949
48,Garfield,21586.0,14331.0,1581.0,4410.0,10.0,28.0,917.0,77.0,193.0,39.0,8.0,45.0,2020,59605.0,8045.0,Glenwood Springs,"56,389","7,634.15","2,947.56",21.431,8.274,"7,655.58","2,955.84",39.599352,-107.90978,64.3121794871795,35.7179487179487,49.457692307692305,48.7211538461539,4.19365384615385,23.6544871794872,243.291666666667,17.2615384615385,7.48717948717949
49,Garfield,21807.5,14113.5,1607.5,4801.5,0.0,2.5,979.0,92.5,170.5,42.5,,,2021,,,,,,,,,,,,,,,,,,,,,
50,Gunnison,6495.0,3159.0,752.0,1683.0,16.0,45.0,776.0,40.0,24.0,0.0,8.0,51.0,2017,16215.0,8051.0,Gunnison,"15,324","8,389.23","3,239.10",53.172,20.53,"8,442.40","3,259.63",38.669679,-107.078108,56.4378205128205,26.7910256410256,41.2852564102564,55.292307692307695,7.37179487179487,26.1660256410256,235.130769230769,15.8666666666667,6.66025641025641
51,Gunnison,6643.0,3196.0,783.0,1788.0,14.0,26.0,742.0,43.0,42.0,9.0,8.0,51.0,2018,16537.0,8051.0,Gunnison,"15,324","8,389.23","3,239.10",53.172,20.53,"8,442.40","3,259.63",38.669679,-107.078108,56.4378205128205,26.7910256410256,41.2852564102564,55.292307692307695,7.37179487179487,26.1660256410256,235.130769230769,15.8666666666667,6.66025641025641
52,Gunnison,6616.0,3004.0,755.0,1959.0,18.0,35.0,750.0,42.0,43.0,10.0,8.0,51.0,2019,16802.0,8051.0,Gunnison,"15,324","8,389.23","3,239.10",53.172,20.53,"8,442.40","3,259.63",38.669679,-107.078108,56.4378205128205,26.7910256410256,41.2852564102564,55.292307692307695,7.37179487179487,26.1660256410256,235.130769230769,15.8666666666667,6.66025641025641
53,Gunnison,6824.0,2855.0,762.0,1888.0,17.0,41.0,1125.0,59.0,51.0,26.0,8.0,51.0,2020,17119.0,8051.0,Gunnison,"15,324","8,389.23","3,239.10",53.172,20.53,"8,442.40","3,259.63",38.669679,-107.078108,56.4378205128205,26.7910256410256,41.2852564102564,55.292307692307695,7.37179487179487,26.1660256410256,235.130769230769,15.8666666666667,6.66025641025641
54,Gunnison,6884.5,2777.5,763.5,2026.0,18.0,36.0,1112.0,60.0,60.5,31.0,,,2021,,,,,,,,,,,,,,,,,,,,,
55,Jefferson,227805.0,173263.0,4756.0,44485.0,151.0,22.0,2606.0,476.0,1125.0,921.0,8.0,59.0,2017,564029.0,8059.0,Golden,"534,543","1,979.29",764.208,25.446,9.825,"2,004.74",774.033,39.58646,-105.245601,65.175,39.973076923076896,52.1044871794872,45.8301282051282,5.52878205128205,45.324358974359,220.96858974359,13.8705128205128,5.78846153846154
56,Jefferson,230153.0,172687.0,4982.0,47087.0,201.0,25.0,2447.0,594.0,1198.0,932.0,8.0,59.0,2018,570427.0,8059.0,Golden,"534,543","1,979.29",764.208,25.446,9.825,"2,004.74",774.033,39.58646,-105.245601,65.175,39.973076923076896,52.1044871794872,45.8301282051282,5.52878205128205,45.324358974359,220.96858974359,13.8705128205128,5.78846153846154
57,Jefferson,232284.0,172547.0,5117.0,48865.0,180.0,15.0,2174.0,848.0,1400.0,1138.0,8.0,59.0,2019,574798.0,8059.0,Golden,"534,543","1,979.29",764.208,25.446,9.825,"2,004.74",774.033,39.58646,-105.245601,65.175,39.973076923076896,52.1044871794872,45.8301282051282,5.52878205128205,45.324358974359,220.96858974359,13.8705128205128,5.78846153846154
58,Jefferson,229007.0,168562.0,5276.0,49348.0,169.0,0.0,1991.0,861.0,1448.0,1352.0,8.0,59.0,2020,578795.0,8059.0,Golden,"534,543","1,979.29",764.208,25.446,9.825,"2,004.74",774.033,39.58646,-105.245601,65.175,39.973076923076896,52.1044871794872,45.8301282051282,5.52878205128205,45.324358974359,220.96858974359,13.8705128205128,5.78846153846154
59,Jefferson,231246.5,168204.0,5456.5,51538.0,183.5,0.0,1775.0,1047.0,1585.5,1460.5,,,2021,,,,,,,,,,,,,,,,,,,,,
60,Mineral,404.0,21.0,171.0,90.0,0.0,0.0,114.0,5.0,3.0,0.0,8.0,79.0,2017,834.0,8079.0,Creede,712,"2,267.97",875.666,5.222,2.016,"2,273.19",877.682,37.651478,-106.9323,49.0897435897436,29.9442307692308,38.500641025641,55.6173076923077,5.34205128205128,32.9038461538462,217.612179487179,18.5724358974359,7.75
61,Mineral,375.0,24.0,150.0,72.0,0.0,0.0,119.0,5.0,5.0,0.0,8.0,79.0,2018,823.0,8079.0,Creede,712,"2,267.97",875.666,5.222,2.016,"2,273.19",877.682,37.651478,-106.9323,49.0897435897436,29.9442307692308,38.500641025641,55.6173076923077,5.34205128205128,32.9038461538462,217.612179487179,18.5724358974359,7.75
62,Mineral,367.0,27.0,137.0,63.0,0.0,0.0,136.0,0.0,4.0,0.0,8.0,79.0,2019,824.0,8079.0,Creede,712,"2,267.97",875.666,5.222,2.016,"2,273.19",877.682,37.651478,-106.9323,49.0897435897436,29.9442307692308,38.500641025641,55.6173076923077,5.34205128205128,32.9038461538462,217.612179487179,18.5724358974359,7.75
63,Mineral,394.0,30.0,131.0,73.0,0.0,0.0,157.0,0.0,3.0,0.0,8.0,79.0,2020,853.0,8079.0,Creede,712,"2,267.97",875.666,5.222,2.016,"2,273.19",877.682,37.651478,-106.9323,49.0897435897436,29.9442307692308,38.500641025641,55.6173076923077,5.34205128205128,32.9038461538462,217.612179487179,18.5724358974359,7.75
64,Mineral,375.5,33.0,114.0,59.5,0.0,0.0,168.0,0.0,3.5,0.0,,,2021,,,,,,,,,,,,,,,,,,,,,
65,Ouray,2204.0,909.0,656.0,225.0,0.0,0.0,359.0,37.0,12.0,6.0,8.0,91.0,2017,4653.0,8091.0,Ouray,"4,436","1,402.72",541.593,1.6,0.618,"1,404.32",542.211,38.1506,-107.767133,57.000641025641,36.7448717948718,46.4314102564103,45.4711538461539,5.58230769230769,31.2884615384615,267.966666666667,16.1570512820513,7.26282051282051
66,Ouray,2194.0,943.0,606.0,284.0,0.0,0.0,322.0,24.0,9.0,6.0,8.0,91.0,2018,4722.0,8091.0,Ouray,"4,436","1,402.72",541.593,1.6,0.618,"1,404.32",542.211,38.1506,-107.767133,57.000641025641,36.7448717948718,46.4314102564103,45.4711538461539,5.58230769230769,31.2884615384615,267.966666666667,16.1570512820513,7.26282051282051
67,Ouray,2163.0,967.0,588.0,289.0,0.0,0.0,285.0,21.0,8.0,5.0,8.0,91.0,2019,4796.0,8091.0,Ouray,"4,436","1,402.72",541.593,1.6,0.618,"1,404.32",542.211,38.1506,-107.767133,57.000641025641,36.7448717948718,46.4314102564103,45.4711538461539,5.58230769230769,31.2884615384615,267.966666666667,16.1570512820513,7.26282051282051
68,Ouray,2259.0,1088.0,487.0,335.0,0.0,0.0,312.0,23.0,9.0,5.0,8.0,91.0,2020,4890.0,8091.0,Ouray,"4,436","1,402.72",541.593,1.6,0.618,"1,404.32",542.211,38.1506,-107.767133,57.000641025641,36.7448717948718,46.4314102564103,45.4711538461539,5.58230769230769,31.2884615384615,267.966666666667,16.1570512820513,7.26282051282051
69,Ouray,2238.5,1117.0,453.0,367.0,0.0,0.0,275.0,15.0,7.0,4.5,,,2021,,,,,,,,,,,,,,,,,,,,,
70,Rio Blanco,2417.0,1463.0,290.0,476.0,0.0,0.0,136.0,0.0,41.0,11.0,8.0,103.0,2017,6557.0,8103.0,Meeker,"6,666","8,342.18","3,220.93",4.868,1.88,"8,347.05","3,222.81",39.972606,-108.200685,60.325,30.6826923076923,45.3935897435897,51.9762820512821,4.24692307692308,25.3948717948718,274.301282051282,18.1448717948718,7.3974358974359
71,Rio Blanco,2403.0,1461.0,279.0,488.0,0.0,0.0,129.0,0.0,34.0,12.0,8.0,103.0,2018,6465.0,8103.0,Meeker,"6,666","8,342.18","3,220.93",4.868,1.88,"8,347.05","3,222.81",39.972606,-108.200685,60.325,30.6826923076923,45.3935897435897,51.9762820512821,4.24692307692308,25.3948717948718,274.301282051282,18.1448717948718,7.3974358974359
72,Rio Blanco,2301.0,1353.0,238.0,509.0,0.0,0.0,162.0,0.0,23.0,16.0,8.0,103.0,2019,6384.0,8103.0,Meeker,"6,666","8,342.18","3,220.93",4.868,1.88,"8,347.05","3,222.81",39.972606,-108.200685,60.325,30.6826923076923,45.3935897435897,51.9762820512821,4.24692307692308,25.3948717948718,274.301282051282,18.1448717948718,7.3974358974359
73,Rio Blanco,2513.0,1522.0,257.0,508.0,0.0,6.0,145.0,10.0,57.0,8.0,8.0,103.0,2020,6369.0,8103.0,Meeker,"6,666","8,342.18","3,220.93",4.868,1.88,"8,347.05","3,222.81",39.972606,-108.200685,60.325,30.6826923076923,45.3935897435897,51.9762820512821,4.24692307692308,25.3948717948718,274.301282051282,18.1448717948718,7.3974358974359
74,Rio Blanco,2455.0,1467.0,231.0,524.5,0.0,6.0,158.0,10.0,48.0,10.5,,,2021,,,,,,,,,,,,,,,,,,,,,
75,Sedgwick,998.0,562.0,197.0,221.0,1.0,4.0,9.0,0.0,4.0,0.0,8.0,115.0,2017,2357.0,8115.0,Julesburg,"2,379","1,419.42",548.041,3.531,1.363,"1,422.95",549.404,40.871568,-102.355358,66.9692307692308,38.5474358974359,51.873717948718,57.542307692307695,3.57903846153846,19.6839743589744,230.927564102564,16.9064102564103,6.74358974358974
76,Sedgwick,1017.0,585.0,222.0,190.0,2.0,0.0,10.0,0.0,8.0,0.0,8.0,115.0,2018,2350.0,8115.0,Julesburg,"2,379","1,419.42",548.041,3.531,1.363,"1,422.95",549.404,40.871568,-102.355358,66.9692307692308,38.5474358974359,51.873717948718,57.542307692307695,3.57903846153846,19.6839743589744,230.927564102564,16.9064102564103,6.74358974358974
77,Sedgwick,967.0,532.0,209.0,208.0,0.0,0.0,5.0,0.0,11.0,2.0,8.0,115.0,2019,2322.0,8115.0,Julesburg,"2,379","1,419.42",548.041,3.531,1.363,"1,422.95",549.404,40.871568,-102.355358,66.9692307692308,38.5474358974359,51.873717948718,57.542307692307695,3.57903846153846,19.6839743589744,230.927564102564,16.9064102564103,6.74358974358974
78,Sedgwick,954.0,558.0,178.0,200.0,0.0,0.0,10.0,0.0,6.0,2.0,8.0,115.0,2020,2306.0,8115.0,Julesburg,"2,379","1,419.42",548.041,3.531,1.363,"1,422.95",549.404,40.871568,-102.355358,66.9692307692308,38.5474358974359,51.873717948718,57.542307692307695,3.57903846153846,19.6839743589744,230.927564102564,16.9064102564103,6.74358974358974
79,Sedgwick,938.5,543.0,184.0,193.5,0.0,0.0,8.0,0.0,9.5,3.0,,,2021,,,,,,,,,,,,,,,,,,,,,
80,Weld,99817.0,74409.0,7418.0,15415.0,196.0,3.0,1166.0,152.0,737.0,321.0,8.0,123.0,2017,285729.0,8123.0,Greeley,"252,825","10,326.90","3,987.24",76.554,29.558,"10,403.45","4,016.80",40.555794,-104.383649,65.5089743589744,35.3128205128205,49.631410256410305,55.4108974358974,4.48730769230769,21.2967948717949,237.366666666667,17.2403846153846,7.03205128205128
81,Weld,102101.0,75693.0,7689.0,16088.0,145.0,16.0,1135.0,319.0,665.0,351.0,8.0,123.0,2018,295123.0,8123.0,Greeley,"252,825","10,326.90","3,987.24",76.554,29.558,"10,403.45","4,016.80",40.555794,-104.383649,65.5089743589744,35.3128205128205,49.631410256410305,55.4108974358974,4.48730769230769,21.2967948717949,237.366666666667,17.2403846153846,7.03205128205128
82,Weld,104671.0,77851.0,7643.0,16449.0,180.0,17.0,1101.0,387.0,732.0,311.0,8.0,123.0,2019,305345.0,8123.0,Greeley,"252,825","10,326.90","3,987.24",76.554,29.558,"10,403.45","4,016.80",40.555794,-104.383649,65.5089743589744,35.3128205128205,49.631410256410305,55.4108974358974,4.48730769230769,21.2967948717949,237.366666666667,17.2403846153846,7.03205128205128
83,Weld,102046.0,74970.0,7786.0,16503.0,160.0,19.0,1046.0,339.0,811.0,412.0,8.0,123.0,2020,315389.0,8123.0,Greeley,"252,825","10,326.90","3,987.24",76.554,29.558,"10,403.45","4,016.80",40.555794,-104.383649,65.5089743589744,35.3128205128205,49.631410256410305,55.4108974358974,4.48730769230769,21.2967948717949,237.366666666667,17.2403846153846,7.03205128205128
84,Weld,104473.0,76691.0,7898.5,17020.0,152.0,26.0,1013.5,456.5,808.5,407.0,,,2021,,,,,,,,,,,,,,,,,,,,,
85,Conejos,2992.0,1216.0,388.0,304.0,30.0,2.0,1020.0,5.0,27.0,0.0,8.0,21.0,2017,8147.0,8021.0,Conejos,"8,256","3,334.33","1,287.39",9.235,3.566,"3,343.56","1,290.96",37.213407,-106.176447,57.4410256410256,28.3628205128205,42.4679487179487,51.2942307692308,6.30339743589744,23.125,271.208333333333,16.5891025641026,7.19230769230769
86,Conejos,3068.0,1214.0,443.0,386.0,13.0,2.0,979.0,6.0,17.0,8.0,8.0,21.0,2018,8142.0,8021.0,Conejos,"8,256","3,334.33","1,287.39",9.235,3.566,"3,343.56","1,290.96",37.213407,-106.176447,57.4410256410256,28.3628205128205,42.4679487179487,51.2942307692308,6.30339743589744,23.125,271.208333333333,16.5891025641026,7.19230769230769
87,Conejos,3183.0,1308.0,475.0,295.0,22.0,8.0,1020.0,12.0,33.0,10.0,8.0,21.0,2019,8128.0,8021.0,Conejos,"8,256","3,334.33","1,287.39",9.235,3.566,"3,343.56","1,290.96",37.213407,-106.176447,57.4410256410256,28.3628205128205,42.4679487179487,51.2942307692308,6.30339743589744,23.125,271.208333333333,16.5891025641026,7.19230769230769
88,Conejos,3222.0,1369.0,412.0,428.0,27.0,9.0,917.0,14.0,36.0,10.0,8.0,21.0,2020,8130.0,8021.0,Conejos,"8,256","3,334.33","1,287.39",9.235,3.566,"3,343.56","1,290.96",37.213407,-106.176447,57.4410256410256,28.3628205128205,42.4679487179487,51.2942307692308,6.30339743589744,23.125,271.208333333333,16.5891025641026,7.19230769230769
89,Conejos,3317.5,1415.0,455.5,423.5,23.0,12.0,917.0,17.5,39.0,15.0,,,2021,,,,,,,,,,,,,,,,,,,,,
90,Custer,2093.0,80.0,1020.0,262.0,3.0,11.0,646.0,44.0,12.0,15.0,8.0,27.0,2017,4505.0,8027.0,Westcliffe,"4,255","1,913.03",738.625,3.365,1.299,"1,916.40",739.924,38.101994,-105.373515,61.4070512820513,34.6423076923077,47.0961538461539,47.5711538461539,5.74275641025641,21.3929487179487,256.414102564103,15.9621794871795,7.3974358974359
91,Custer,2083.0,60.0,1034.0,296.0,0.0,8.0,593.0,77.0,12.0,3.0,8.0,27.0,2018,4640.0,8027.0,Westcliffe,"4,255","1,913.03",738.625,3.365,1.299,"1,916.40",739.924,38.101994,-105.373515,61.4070512820513,34.6423076923077,47.0961538461539,47.5711538461539,5.74275641025641,21.3929487179487,256.414102564103,15.9621794871795,7.3974358974359
92,Custer,2214.0,52.0,1204.0,326.0,0.0,7.0,545.0,56.0,24.0,0.0,8.0,27.0,2019,4776.0,8027.0,Westcliffe,"4,255","1,913.03",738.625,3.365,1.299,"1,916.40",739.924,38.101994,-105.373515,61.4070512820513,34.6423076923077,47.0961538461539,47.5711538461539,5.74275641025641,21.3929487179487,256.414102564103,15.9621794871795,7.3974358974359
93,Custer,2310.0,82.0,1335.0,327.0,0.0,0.0,488.0,48.0,30.0,0.0,8.0,27.0,2020,4941.0,8027.0,Westcliffe,"4,255","1,913.03",738.625,3.365,1.299,"1,916.40",739.924,38.101994,-105.373515,61.4070512820513,34.6423076923077,47.0961538461539,47.5711538461539,5.74275641025641,21.3929487179487,256.414102564103,15.9621794871795,7.3974358974359
94,Custer,2370.5,68.0,1427.0,359.0,0.0,0.0,437.5,54.0,36.0,0.0,,,2021,,,,,,,,,,,,,,,,,,,,,
95,Costilla,1568.0,109.0,679.0,177.0,96.0,0.0,450.0,5.0,52.0,0.0,8.0,23.0,2017,3628.0,8023.0,San Luis,"3,524","3,177.79","1,226.95",8.829,3.409,"3,186.62","1,230.36",37.277547,-105.42894,57.0814102564103,28.6467948717949,42.1198717948718,51.4621794871795,4.16660256410256,22.6512820512821,241.589102564103,16.0532051282051,7.65384615384615
96,Costilla,1687.0,131.0,716.0,155.0,86.0,0.0,491.0,6.0,102.0,0.0,8.0,23.0,2018,3687.0,8023.0,San Luis,"3,524","3,177.79","1,226.95",8.829,3.409,"3,186.62","1,230.36",37.277547,-105.42894,57.0814102564103,28.6467948717949,42.1198717948718,51.4621794871795,4.16660256410256,22.6512820512821,241.589102564103,16.0532051282051,7.65384615384615
97,Costilla,1746.0,101.0,833.0,181.0,78.0,0.0,446.0,6.0,101.0,0.0,8.0,23.0,2019,3745.0,8023.0,San Luis,"3,524","3,177.79","1,226.95",8.829,3.409,"3,186.62","1,230.36",37.277547,-105.42894,57.0814102564103,28.6467948717949,42.1198717948718,51.4621794871795,4.16660256410256,22.6512820512821,241.589102564103,16.0532051282051,7.65384615384615
98,Costilla,1620.0,78.0,701.0,238.0,91.0,0.0,409.0,7.0,96.0,0.0,8.0,23.0,2020,3810.0,8023.0,San Luis,"3,524","3,177.79","1,226.95",8.829,3.409,"3,186.62","1,230.36",37.277547,-105.42894,57.0814102564103,28.6467948717949,42.1198717948718,51.4621794871795,4.16660256410256,22.6512820512821,241.589102564103,16.0532051282051,7.65384615384615
99,Costilla,1709.0,74.0,778.0,240.0,82.0,0.0,407.0,7.5,120.5,0.0,,,2021,,,,,,,,,,,,,,,,,,,,,
100,Adams,162508.0,119563.0,2731.0,38685.0,96.0,18.0,319.0,231.0,506.0,359.0,8.0,1.0,2017,487850.0,8001.0,Brighton,"441,603","3,024.21","1,167.65",42.07,16.243,"3,066.28","1,183.90",39.874325,-104.331872,65.9865384615385,39.743589743589695,52.2166666666667,46.7346153846154,5.12807692307692,51.70833333333329,267.446794871795,15.9692307692308,7.0448717948718
101,Adams,164353.0,120690.0,2642.0,39243.0,89.0,20.0,309.0,303.0,657.0,400.0,8.0,1.0,2018,497115.0,8001.0,Brighton,"441,603","3,024.21","1,167.65",42.07,16.243,"3,066.28","1,183.90",39.874325,-104.331872,65.9865384615385,39.743589743589695,52.2166666666667,46.7346153846154,5.12807692307692,51.70833333333329,267.446794871795,15.9692307692308,7.0448717948718
102,Adams,166450.0,121111.0,2294.0,40776.0,121.0,15.0,393.0,386.0,718.0,636.0,8.0,1.0,2019,504108.0,8001.0,Brighton,"441,603","3,024.21","1,167.65",42.07,16.243,"3,066.28","1,183.90",39.874325,-104.331872,65.9865384615385,39.743589743589695,52.2166666666667,46.7346153846154,5.12807692307692,51.70833333333329,267.446794871795,15.9692307692308,7.0448717948718
103,Adams,167290.0,120773.0,2533.0,41099.0,136.0,18.0,504.0,600.0,713.0,914.0,8.0,1.0,2020,509844.0,8001.0,Brighton,"441,603","3,024.21","1,167.65",42.07,16.243,"3,066.28","1,183.90",39.874325,-104.331872,65.9865384615385,39.743589743589695,52.2166666666667,46.7346153846154,5.12807692307692,51.70833333333329,267.446794871795,15.9692307692308,7.0448717948718
104,Adams,169261.0,121547.0,2314.5,42144.5,148.5,16.5,541.0,677.5,819.0,1052.5,,,2021,,,,,,,,,,,,,,,,,,,,,
105,Douglas,113799.0,89726.0,3129.0,19947.0,28.0,0.0,411.0,153.0,243.0,162.0,8.0,35.0,2017,320940.0,8035.0,Castle Rock,"285,465","2,176.23",840.248,6.789,2.621,"2,183.02",842.869,39.326435,-104.926199,62.6096153846154,37.6775641025641,49.6384615384615,45.5160256410256,6.00974358974359,39.2051282051282,277.970512820513,17.2878205128205,7.01923076923077
106,Douglas,117426.0,91437.0,3219.0,21737.0,26.0,0.0,377.0,185.0,251.0,194.0,8.0,35.0,2018,328614.0,8035.0,Castle Rock,"285,465","2,176.23",840.248,6.789,2.621,"2,183.02",842.869,39.326435,-104.926199,62.6096153846154,37.6775641025641,49.6384615384615,45.5160256410256,6.00974358974359,39.2051282051282,277.970512820513,17.2878205128205,7.01923076923077
107,Douglas,120709.0,93056.0,3451.0,23004.0,27.0,0.0,431.0,275.0,285.0,180.0,8.0,35.0,2019,336041.0,8035.0,Castle Rock,"285,465","2,176.23",840.248,6.789,2.621,"2,183.02",842.869,39.326435,-104.926199,62.6096153846154,37.6775641025641,49.6384615384615,45.5160256410256,6.00974358974359,39.2051282051282,277.970512820513,17.2878205128205,7.01923076923077
108,Douglas,121492.0,92828.0,3190.0,24038.0,23.0,16.0,364.0,533.0,271.0,229.0,8.0,35.0,2020,344280.0,8035.0,Castle Rock,"285,465","2,176.23",840.248,6.789,2.621,"2,183.02",842.869,39.326435,-104.926199,62.6096153846154,37.6775641025641,49.6384615384615,45.5160256410256,6.00974358974359,39.2051282051282,277.970512820513,17.2878205128205,7.01923076923077
109,Douglas,124947.0,94493.0,3351.0,25566.5,22.5,16.0,374.0,594.0,292.0,238.0,,,2021,,,,,,,,,,,,,,,,,,,,,
110,Eagle,17765.0,11467.0,607.0,4934.0,6.0,6.0,445.0,102.0,183.0,15.0,8.0,37.0,2017,53726.0,8037.0,Eagle,"52,197","4,362.91","1,684.53",18.806,7.261,"4,381.72","1,691.79",39.630638,-106.692944,58.2012820512821,31.2275641025641,44.175,51.8570512820513,7.18512820512821,31.7358974358974,246.467307692308,16.2576923076923,6.96153846153846
111,Eagle,17750.0,11512.0,719.0,4778.0,8.0,7.0,442.0,100.0,172.0,12.0,8.0,37.0,2018,54357.0,8037.0,Eagle,"52,197","4,362.91","1,684.53",18.806,7.261,"4,381.72","1,691.79",39.630638,-106.692944,58.2012820512821,31.2275641025641,44.175,51.8570512820513,7.18512820512821,31.7358974358974,246.467307692308,16.2576923076923,6.96153846153846
112,Eagle,18171.0,11534.0,786.0,5165.0,0.0,0.0,373.0,71.0,217.0,25.0,8.0,37.0,2019,54681.0,8037.0,Eagle,"52,197","4,362.91","1,684.53",18.806,7.261,"4,381.72","1,691.79",39.630638,-106.692944,58.2012820512821,31.2275641025641,44.175,51.8570512820513,7.18512820512821,31.7358974358974,246.467307692308,16.2576923076923,6.96153846153846
113,Eagle,18667.0,11174.0,779.0,6168.0,0.0,0.0,344.0,45.0,149.0,8.0,8.0,37.0,2020,54960.0,8037.0,Eagle,"52,197","4,362.91","1,684.53",18.806,7.261,"4,381.72","1,691.79",39.630638,-106.692944,58.2012820512821,31.2275641025641,44.175,51.8570512820513,7.18512820512821,31.7358974358974,246.467307692308,16.2576923076923,6.96153846153846
114,Eagle,18870.0,11207.5,868.5,6283.5,0.0,0.0,308.0,29.5,166.0,13.0,,,2021,,,,,,,,,,,,,,,,,,,,,
115,Lake,3324.0,2010.0,392.0,523.0,71.0,0.0,289.0,0.0,39.0,0.0,8.0,65.0,2017,7481.0,8065.0,Durango,"7,310",976.194,376.911,18.124,6.998,994.319,383.909,39.204316,-106.349696,49.3076923076923,23.0378205128205,36.2608974358974,53.8615384615385,5.84948717948718,37.1070512820513,202.535256410256,16.2301282051282,6.80769230769231
116,Lake,3353.0,1883.0,389.0,583.0,91.0,7.0,355.0,0.0,45.0,0.0,8.0,65.0,2018,7585.0,8065.0,Durango,"7,310",976.194,376.911,18.124,6.998,994.319,383.909,39.204316,-106.349696,49.3076923076923,23.0378205128205,36.2608974358974,53.8615384615385,5.84948717948718,37.1070512820513,202.535256410256,16.2301282051282,6.80769230769231
117,Lake,3392.0,1872.0,476.0,621.0,74.0,5.0,282.0,0.0,62.0,0.0,8.0,65.0,2019,7751.0,8065.0,Durango,"7,310",976.194,376.911,18.124,6.998,994.319,383.909,39.204316,-106.349696,49.3076923076923,23.0378205128205,36.2608974358974,53.8615384615385,5.84948717948718,37.1070512820513,202.535256410256,16.2301282051282,6.80769230769231
118,Lake,3275.0,1644.0,493.0,706.0,81.0,8.0,272.0,0.0,71.0,0.0,8.0,65.0,2020,7845.0,8065.0,Durango,"7,310",976.194,376.911,18.124,6.998,994.319,383.909,39.204316,-106.349696,49.3076923076923,23.0378205128205,36.2608974358974,53.8615384615385,5.84948717948718,37.1070512820513,202.535256410256,16.2301282051282,6.80769230769231
119,Lake,3309.0,1575.0,535.0,755.0,82.5,10.5,268.5,0.0,82.5,0.0,,,2021,,,,,,,,,,,,,,,,,,,,,
120,La Plata,21818.0,10193.0,5285.0,3317.0,22.0,152.0,2352.0,244.0,220.0,33.0,8.0,67.0,2017,54469.0,8067.0,Leadville,"51,334","4,382.46","1,692.08",19.76,7.629,"4,402.22","1,699.71",37.287367,-107.839718,64.0166666666667,34.4025641025641,49.0865384615385,49.7955128205128,3.9798717948717903,20.7980769230769,227.535897435897,17.9653846153846,7.62179487179487
121,La Plata,21793.0,10489.0,5184.0,3310.0,27.0,121.0,2160.0,206.0,235.0,61.0,8.0,67.0,2018,55101.0,8067.0,Leadville,"51,334","4,382.46","1,692.08",19.76,7.629,"4,402.22","1,699.71",37.287367,-107.839718,64.0166666666667,34.4025641025641,49.0865384615385,49.7955128205128,3.9798717948717903,20.7980769230769,227.535897435897,17.9653846153846,7.62179487179487
122,La Plata,21794.0,10472.0,5170.0,3539.0,21.0,119.0,1978.0,243.0,193.0,59.0,8.0,67.0,2019,55617.0,8067.0,Leadville,"51,334","4,382.46","1,692.08",19.76,7.629,"4,402.22","1,699.71",37.287367,-107.839718,64.0166666666667,34.4025641025641,49.0865384615385,49.7955128205128,3.9798717948717903,20.7980769230769,227.535897435897,17.9653846153846,7.62179487179487
123,La Plata,21370.0,10846.0,4695.0,3690.0,19.0,60.0,1677.0,159.0,148.0,76.0,8.0,67.0,2020,56138.0,8067.0,Leadville,"51,334","4,382.46","1,692.08",19.76,7.629,"4,402.22","1,699.71",37.287367,-107.839718,64.0166666666667,34.4025641025641,49.0865384615385,49.7955128205128,3.9798717948717903,20.7980769230769,227.535897435897,17.9653846153846,7.62179487179487
124,La Plata,21358.0,10985.5,4637.5,3801.0,18.5,43.5,1490.0,158.5,134.5,89.0,,,2021,,,,,,,,,,,,,,,,,,,,,
125,Moffat,5103.0,3360.0,543.0,686.0,0.0,99.0,317.0,24.0,61.0,13.0,8.0,81.0,2017,13056.0,8081.0,Craig,"13,795","12,285.07","4,743.29",19.742,7.622,"12,304.81","4,750.91",40.573984,-108.204521,59.375,29.5974358974359,44.3224358974359,53.9564102564103,5.50217948717949,26.7596153846154,278.592948717949,18.0608974358974,7.37179487179487
126,Moffat,5210.0,3442.0,594.0,706.0,0.0,72.0,269.0,20.0,77.0,30.0,8.0,81.0,2018,13060.0,8081.0,Craig,"13,795","12,285.07","4,743.29",19.742,7.622,"12,304.81","4,750.91",40.573984,-108.204521,59.375,29.5974358974359,44.3224358974359,53.9564102564103,5.50217948717949,26.7596153846154,278.592948717949,18.0608974358974,7.37179487179487
127,Moffat,5366.0,3403.0,659.0,896.0,0.0,34.0,259.0,15.0,68.0,32.0,8.0,81.0,2019,13127.0,8081.0,Craig,"13,795","12,285.07","4,743.29",19.742,7.622,"12,304.81","4,750.91",40.573984,-108.204521,59.375,29.5974358974359,44.3224358974359,53.9564102564103,5.50217948717949,26.7596153846154,278.592948717949,18.0608974358974,7.37179487179487
128,Moffat,5218.0,3234.0,702.0,907.0,0.0,40.0,196.0,19.0,100.0,20.0,8.0,81.0,2020,13150.0,8081.0,Craig,"13,795","12,285.07","4,743.29",19.742,7.622,"12,304.81","4,750.91",40.573984,-108.204521,59.375,29.5974358974359,44.3224358974359,53.9564102564103,5.50217948717949,26.7596153846154,278.592948717949,18.0608974358974,7.37179487179487
129,Moffat,5349.5,3255.5,760.0,1012.0,0.0,7.5,167.0,14.5,103.5,29.5,,,2021,,,,,,,,,,,,,,,,,,,,,
130,Pitkin,7340.0,3783.0,510.0,2755.0,16.0,0.0,204.0,0.0,49.0,23.0,8.0,97.0,2017,17747.0,8097.0,Aspen,"17,148","2,514.09",970.697,6.469,2.498,"2,520.56",973.195,39.217533,-106.915943,57.3108974358974,30.8153846153846,43.6,51.324358974359,4.64762820512821,33.1788461538462,239.626923076923,17.1038461538462,7.01282051282051
131,Pitkin,7018.0,3570.0,471.0,2706.0,7.0,0.0,217.0,0.0,33.0,14.0,8.0,97.0,2018,17909.0,8097.0,Aspen,"17,148","2,514.09",970.697,6.469,2.498,"2,520.56",973.195,39.217533,-106.915943,57.3108974358974,30.8153846153846,43.6,51.324358974359,4.64762820512821,33.1788461538462,239.626923076923,17.1038461538462,7.01282051282051
132,Pitkin,7467.0,4019.0,445.0,2728.0,0.0,0.0,217.0,0.0,35.0,23.0,8.0,97.0,2019,17926.0,8097.0,Aspen,"17,148","2,514.09",970.697,6.469,2.498,"2,520.56",973.195,39.217533,-106.915943,57.3108974358974,30.8153846153846,43.6,51.324358974359,4.64762820512821,33.1788461538462,239.626923076923,17.1038461538462,7.01282051282051
133,Pitkin,7424.0,4014.0,501.0,2606.0,0.0,0.0,213.0,6.0,58.0,26.0,8.0,97.0,2020,17980.0,8097.0,Aspen,"17,148","2,514.09",970.697,6.469,2.498,"2,520.56",973.195,39.217533,-106.915943,57.3108974358974,30.8153846153846,43.6,51.324358974359,4.64762820512821,33.1788461538462,239.626923076923,17.1038461538462,7.01282051282051
134,Pitkin,7487.5,4132.0,468.5,2592.5,0.0,0.0,219.5,6.0,51.0,26.0,,,2021,,,,,,,,,,,,,,,,,,,,,
135,Rio Grande,4750.0,1775.0,927.0,816.0,14.0,0.0,1097.0,76.0,39.0,6.0,8.0,105.0,2017,11430.0,8105.0,Del Norte,"11,982","2,361.96",911.958,0.984,0.38,"2,362.94",912.338,37.485763,-106.453214,52.125641025641,29.7730769230769,40.1820512820513,51.573717948718,7.211410256410259,27.6217948717949,264.594230769231,16.8897435897436,7.37820512820513
136,Rio Grande,4504.0,1720.0,904.0,800.0,12.0,0.0,943.0,78.0,41.0,6.0,8.0,105.0,2018,11351.0,8105.0,Del Norte,"11,982","2,361.96",911.958,0.984,0.38,"2,362.94",912.338,37.485763,-106.453214,52.125641025641,29.7730769230769,40.1820512820513,51.573717948718,7.211410256410259,27.6217948717949,264.594230769231,16.8897435897436,7.37820512820513
137,Rio Grande,4823.0,1888.0,879.0,951.0,19.0,0.0,930.0,74.0,75.0,7.0,8.0,105.0,2019,11305.0,8105.0,Del Norte,"11,982","2,361.96",911.958,0.984,0.38,"2,362.94",912.338,37.485763,-106.453214,52.125641025641,29.7730769230769,40.1820512820513,51.573717948718,7.211410256410259,27.6217948717949,264.594230769231,16.8897435897436,7.37820512820513
138,Rio Grande,4737.0,1776.0,868.0,1049.0,21.0,0.0,892.0,57.0,67.0,7.0,8.0,105.0,2020,11300.0,8105.0,Del Norte,"11,982","2,361.96",911.958,0.984,0.38,"2,362.94",912.338,37.485763,-106.453214,52.125641025641,29.7730769230769,40.1820512820513,51.573717948718,7.211410256410259,27.6217948717949,264.594230769231,16.8897435897436,7.37820512820513
139,Rio Grande,4773.5,1832.5,844.0,1116.5,23.5,0.0,808.5,56.0,85.0,7.5,,,2021,,,,,,,,,,,,,,,,,,,,,
140,Cheyenne,776.0,400.0,257.0,83.0,0.0,0.0,18.0,0.0,18.0,0.0,8.0,17.0,2017,2127.0,8017.0,Cheyenne Wells,"1,836","4,605.71","1,778.28",8.166,3.153,"4,613.88","1,781.43",38.835387,-102.604585,67.8538461538462,38.9365384615385,52.7480769230769,52.5775641025641,2.67089743589744,21.5185897435897,205.866025641026,17.0570512820513,6.96794871794872
141,Cheyenne,742.0,396.0,219.0,92.0,5.0,0.0,14.0,0.0,16.0,0.0,8.0,17.0,2018,2039.0,8017.0,Cheyenne Wells,"1,836","4,605.71","1,778.28",8.166,3.153,"4,613.88","1,781.43",38.835387,-102.604585,67.8538461538462,38.9365384615385,52.7480769230769,52.5775641025641,2.67089743589744,21.5185897435897,205.866025641026,17.0570512820513,6.96794871794872
142,Cheyenne,774.0,396.0,253.0,101.0,5.0,0.0,10.0,0.0,9.0,0.0,8.0,17.0,2019,2026.0,8017.0,Cheyenne Wells,"1,836","4,605.71","1,778.28",8.166,3.153,"4,613.88","1,781.43",38.835387,-102.604585,67.8538461538462,38.9365384615385,52.7480769230769,52.5775641025641,2.67089743589744,21.5185897435897,205.866025641026,17.0570512820513,6.96794871794872
143,Cheyenne,804.0,415.0,230.0,119.0,5.0,0.0,31.0,0.0,4.0,0.0,8.0,17.0,2020,1999.0,8017.0,Cheyenne Wells,"1,836","4,605.71","1,778.28",8.166,3.153,"4,613.88","1,781.43",38.835387,-102.604585,67.8538461538462,38.9365384615385,52.7480769230769,52.5775641025641,2.67089743589744,21.5185897435897,205.866025641026,17.0570512820513,6.96794871794872
144,Cheyenne,803.0,413.0,228.0,128.0,7.5,0.0,27.0,0.0,0.0,0.0,,,2021,,,,,,,,,,,,,,,,,,,,,
145,Bent,1760.0,1126.0,369.0,155.0,0.0,9.0,88.0,0.0,13.0,0.0,8.0,11.0,2017,5806.0,8011.0,Las Animas,"6,499","3,918.29","1,512.86",73.094,28.222,"3,991.39","1,541.08",37.931891,-103.077584,71.050641025641,39.8641025641026,54.6897435897436,50.2762820512821,4.03320512820513,17.5923076923077,241.385897435897,17.3064102564103,7.21153846153846
146,Bent,1744.0,1136.0,349.0,146.0,0.0,11.0,90.0,0.0,12.0,0.0,8.0,11.0,2018,5809.0,8011.0,Las Animas,"6,499","3,918.29","1,512.86",73.094,28.222,"3,991.39","1,541.08",37.931891,-103.077584,71.050641025641,39.8641025641026,54.6897435897436,50.2762820512821,4.03320512820513,17.5923076923077,241.385897435897,17.3064102564103,7.21153846153846
147,Bent,1767.0,1244.0,312.0,133.0,0.0,10.0,56.0,0.0,12.0,0.0,8.0,11.0,2019,5787.0,8011.0,Las Animas,"6,499","3,918.29","1,512.86",73.094,28.222,"3,991.39","1,541.08",37.931891,-103.077584,71.050641025641,39.8641025641026,54.6897435897436,50.2762820512821,4.03320512820513,17.5923076923077,241.385897435897,17.3064102564103,7.21153846153846
148,Bent,1879.0,1330.0,313.0,129.0,0.0,8.0,68.0,3.0,28.0,0.0,8.0,11.0,2020,5677.0,8011.0,Las Animas,"6,499","3,918.29","1,512.86",73.094,28.222,"3,991.39","1,541.08",37.931891,-103.077584,71.050641025641,39.8641025641026,54.6897435897436,50.2762820512821,4.03320512820513,17.5923076923077,241.385897435897,17.3064102564103,7.21153846153846
149,Bent,1882.5,1389.0,284.5,118.0,0.0,8.5,52.0,3.0,27.5,0.0,,,2021,,,,,,,,,,,,,,,,,,,,,
150,Crowley,1215.0,721.0,215.0,203.0,0.0,0.0,74.0,0.0,0.0,2.0,8.0,25.0,2017,5514.0,8025.0,Ordway,"5,823","2,039.41",787.421,33.43,12.908,"2,072.84",800.329,38.321956,-103.787562,70.749358974359,40.2775641025641,54.6365384615385,48.3166666666667,4.88807692307692,16.0083333333333,250.958333333333,16.6884615384615,6.96794871794872
151,Crowley,1194.0,790.0,190.0,123.0,0.0,0.0,86.0,0.0,0.0,5.0,8.0,25.0,2018,5630.0,8025.0,Ordway,"5,823","2,039.41",787.421,33.43,12.908,"2,072.84",800.329,38.321956,-103.787562,70.749358974359,40.2775641025641,54.6365384615385,48.3166666666667,4.88807692307692,16.0083333333333,250.958333333333,16.6884615384615,6.96794871794872
152,Crowley,1301.0,859.0,195.0,138.0,0.0,0.0,105.0,0.0,0.0,4.0,8.0,25.0,2019,5754.0,8025.0,Ordway,"5,823","2,039.41",787.421,33.43,12.908,"2,072.84",800.329,38.321956,-103.787562,70.749358974359,40.2775641025641,54.6365384615385,48.3166666666667,4.88807692307692,16.0083333333333,250.958333333333,16.6884615384615,6.96794871794872
153,Crowley,1421.0,940.0,249.0,114.0,0.0,0.0,113.0,0.0,0.0,5.0,8.0,25.0,2020,5733.0,8025.0,Ordway,"5,823","2,039.41",787.421,33.43,12.908,"2,072.84",800.329,38.321956,-103.787562,70.749358974359,40.2775641025641,54.6365384615385,48.3166666666667,4.88807692307692,16.0083333333333,250.958333333333,16.6884615384615,6.96794871794872
154,Crowley,1464.0,1009.0,239.0,81.5,0.0,0.0,128.5,0.0,0.0,6.0,,,2021,,,,,,,,,,,,,,,,,,,,,
155,Dolores,707.0,205.0,248.0,66.0,6.0,0.0,182.0,0.0,0.0,0.0,8.0,33.0,2017,1736.0,8033.0,Dove Creek,"2,064","2,763.65","1,067.05",2.716,1.049,"2,766.37","1,068.10",37.747602,-108.530383,60.4839743589744,36.66217948717951,48.2416666666667,46.0794871794872,3.6326282051282095,25.5525641025641,277.43141025641,19.7583333333333,7.8525641025641
156,Dolores,740.0,202.0,280.0,73.0,6.0,0.0,173.0,0.0,6.0,0.0,8.0,33.0,2018,1841.0,8033.0,Dove Creek,"2,064","2,763.65","1,067.05",2.716,1.049,"2,766.37","1,068.10",37.747602,-108.530383,60.4839743589744,36.66217948717951,48.2416666666667,46.0794871794872,3.6326282051282095,25.5525641025641,277.43141025641,19.7583333333333,7.8525641025641
157,Dolores,759.0,225.0,299.0,88.0,0.0,0.0,136.0,0.0,11.0,0.0,8.0,33.0,2019,1857.0,8033.0,Dove Creek,"2,064","2,763.65","1,067.05",2.716,1.049,"2,766.37","1,068.10",37.747602,-108.530383,60.4839743589744,36.66217948717951,48.2416666666667,46.0794871794872,3.6326282051282095,25.5525641025641,277.43141025641,19.7583333333333,7.8525641025641
158,Dolores,930.0,366.0,358.0,52.0,0.0,0.0,127.0,0.0,27.0,0.0,8.0,33.0,2020,1896.0,8033.0,Dove Creek,"2,064","2,763.65","1,067.05",2.716,1.049,"2,766.37","1,068.10",37.747602,-108.530383,60.4839743589744,36.66217948717951,48.2416666666667,46.0794871794872,3.6326282051282095,25.5525641025641,277.43141025641,19.7583333333333,7.8525641025641
159,Dolores,956.0,376.0,383.5,63.0,0.0,0.0,104.0,0.0,32.5,0.0,,,2021,,,,,,,,,,,,,,,,,,,,,
160,San Juan,255.0,13.0,126.0,36.0,0.0,6.0,69.0,0.0,5.0,0.0,8.0,111.0,2017,569.0,8111.0,Silverton,699,"1,003.59",387.488,2.036,0.786,"1,005.62",388.274,37.781075,-107.670257,55.36794871794871,35.5147435897436,44.975641025641,45.7858974358974,3.89955128205128,33.8858974358974,263.936538461539,16.1211538461538,7.09615384615385
161,San Juan,266.0,14.0,147.0,37.0,0.0,7.0,59.0,0.0,2.0,0.0,8.0,111.0,2018,544.0,8111.0,Silverton,699,"1,003.59",387.488,2.036,0.786,"1,005.62",388.274,37.781075,-107.670257,55.36794871794871,35.5147435897436,44.975641025641,45.7858974358974,3.89955128205128,33.8858974358974,263.936538461539,16.1211538461538,7.09615384615385
162,San Juan,289.0,33.0,150.0,42.0,0.0,13.0,49.0,0.0,2.0,0.0,8.0,111.0,2019,589.0,8111.0,Silverton,699,"1,003.59",387.488,2.036,0.786,"1,005.62",388.274,37.781075,-107.670257,55.36794871794871,35.5147435897436,44.975641025641,45.7858974358974,3.89955128205128,33.8858974358974,263.936538461539,16.1211538461538,7.09615384615385
163,San Juan,297.0,32.0,152.0,46.0,0.0,11.0,55.0,0.0,1.0,0.0,8.0,111.0,2020,646.0,8111.0,Silverton,699,"1,003.59",387.488,2.036,0.786,"1,005.62",388.274,37.781075,-107.670257,55.36794871794871,35.5147435897436,44.975641025641,45.7858974358974,3.89955128205128,33.8858974358974,263.936538461539,16.1211538461538,7.09615384615385
164,San Juan,314.0,42.0,164.0,49.0,0.0,14.5,45.0,0.0,0.0,0.0,,,2021,,,,,,,,,,,,,,,,,,,,,
165,Jackson,597.0,122.0,77.0,199.0,0.0,0.0,188.0,0.0,11.0,0.0,8.0,57.0,2017,1372.0,8057.0,Walden,"1,394","4,179.52","1,613.72",18.75,7.239,"4,198.27","1,620.96",40.663432,-106.329248,52.4717948717949,24.8121794871795,38.85,54.993589743589695,3.92628205128205,30.6903846153846,249.032692307692,17.2615384615385,7.23076923076923
166,Jackson,575.0,125.0,63.0,192.0,0.0,0.0,187.0,0.0,8.0,0.0,8.0,57.0,2018,1296.0,8057.0,Walden,"1,394","4,179.52","1,613.72",18.75,7.239,"4,198.27","1,620.96",40.663432,-106.329248,52.4717948717949,24.8121794871795,38.85,54.993589743589695,3.92628205128205,30.6903846153846,249.032692307692,17.2615384615385,7.23076923076923
167,Jackson,558.0,140.0,69.0,168.0,0.0,0.0,181.0,0.0,0.0,0.0,8.0,57.0,2019,1261.0,8057.0,Walden,"1,394","4,179.52","1,613.72",18.75,7.239,"4,198.27","1,620.96",40.663432,-106.329248,52.4717948717949,24.8121794871795,38.85,54.993589743589695,3.92628205128205,30.6903846153846,249.032692307692,17.2615384615385,7.23076923076923
168,Jackson,635.0,168.0,64.0,266.0,0.0,0.0,137.0,0.0,0.0,0.0,8.0,57.0,2020,1316.0,8057.0,Walden,"1,394","4,179.52","1,613.72",18.75,7.239,"4,198.27","1,620.96",40.663432,-106.329248,52.4717948717949,24.8121794871795,38.85,54.993589743589695,3.92628205128205,30.6903846153846,249.032692307692,17.2615384615385,7.23076923076923
169,Jackson,615.5,177.0,60.0,250.5,0.0,0.0,133.5,0.0,0.0,0.0,,,2021,,,,,,,,,,,,,,,,,,,,,
170,Larimer,130502.0,93933.0,5856.0,27649.0,127.0,40.0,1748.0,260.0,546.0,343.0,8.0,69.0,2017,330976.0,8069.0,Fort Collins,"299,630","6,723.61","2,596.00",98.295,37.952,"6,821.91","2,633.95",40.663091,-105.482131,63.6301282051282,37.0679487179487,49.8365384615385,54.3775641025641,9.10794871794872,20.0141025641026,226.271794871795,15.0358974358974,6.53205128205128
171,Larimer,133527.0,96320.0,6063.0,27991.0,85.0,46.0,1766.0,266.0,609.0,381.0,8.0,69.0,2018,338161.0,8069.0,Fort Collins,"299,630","6,723.61","2,596.00",98.295,37.952,"6,821.91","2,633.95",40.663091,-105.482131,63.6301282051282,37.0679487179487,49.8365384615385,54.3775641025641,9.10794871794872,20.0141025641026,226.271794871795,15.0358974358974,6.53205128205128
172,Larimer,137021.0,98693.0,5976.0,29085.0,97.0,30.0,1779.0,326.0,668.0,367.0,8.0,69.0,2019,344786.0,8069.0,Fort Collins,"299,630","6,723.61","2,596.00",98.295,37.952,"6,821.91","2,633.95",40.663091,-105.482131,63.6301282051282,37.0679487179487,49.8365384615385,54.3775641025641,9.10794871794872,20.0141025641026,226.271794871795,15.0358974358974,6.53205128205128
173,Larimer,134185.0,97160.0,5919.0,27992.0,77.0,40.0,1671.0,376.0,498.0,452.0,8.0,69.0,2020,350523.0,8069.0,Fort Collins,"299,630","6,723.61","2,596.00",98.295,37.952,"6,821.91","2,633.95",40.663091,-105.482131,63.6301282051282,37.0679487179487,49.8365384615385,54.3775641025641,9.10794871794872,20.0141025641026,226.271794871795,15.0358974358974,6.53205128205128
174,Larimer,137444.5,99540.0,5979.0,28710.0,62.0,35.0,1686.5,409.0,559.0,464.0,,,2021,,,,,,,,,,,,,,,,,,,,,
175,Logan,8151.0,4900.0,1127.0,1944.0,11.0,0.0,94.0,0.0,69.0,6.0,8.0,75.0,2017,21885.0,8075.0,Sterling,"22,709","4,761.81","1,838.55",16.364,6.318,"4,778.18","1,844.87",40.728091,-103.090464,65.6339743589744,35.5910256410256,49.9333333333333,58.8724358974359,2.69762820512821,22.775641025641,234.026282051282,16.6134615384615,6.69230769230769
176,Logan,8183.0,4884.0,1083.0,2019.0,7.0,0.0,103.0,0.0,82.0,5.0,8.0,75.0,2018,21689.0,8075.0,Sterling,"22,709","4,761.81","1,838.55",16.364,6.318,"4,778.18","1,844.87",40.728091,-103.090464,65.6339743589744,35.5910256410256,49.9333333333333,58.8724358974359,2.69762820512821,22.775641025641,234.026282051282,16.6134615384615,6.69230769230769
177,Logan,8393.0,4956.0,1229.0,2041.0,4.0,0.0,109.0,0.0,51.0,3.0,8.0,75.0,2019,22380.0,8075.0,Sterling,"22,709","4,761.81","1,838.55",16.364,6.318,"4,778.18","1,844.87",40.728091,-103.090464,65.6339743589744,35.5910256410256,49.9333333333333,58.8724358974359,2.69762820512821,22.775641025641,234.026282051282,16.6134615384615,6.69230769230769
178,Logan,8301.0,4656.0,1180.0,2320.0,1.0,0.0,98.0,0.0,42.0,4.0,8.0,75.0,2020,22282.0,8075.0,Sterling,"22,709","4,761.81","1,838.55",16.364,6.318,"4,778.18","1,844.87",40.728091,-103.090464,65.6339743589744,35.5910256410256,49.9333333333333,58.8724358974359,2.69762820512821,22.775641025641,234.026282051282,16.6134615384615,6.69230769230769
179,Logan,8422.0,4684.0,1231.0,2368.5,0.0,0.0,105.5,0.0,33.0,2.5,,,2021,,,,,,,,,,,,,,,,,,,,,
180,Montezuma,10520.0,4115.0,2761.0,1501.0,19.0,25.0,1839.0,25.0,224.0,11.0,8.0,83.0,2017,25770.0,8083.0,Cortez,"25,535","5,256.45","2,029.53",27.517,10.624,"5,283.97","2,040.15",37.338025,-108.595786,66.1519230769231,35.1833333333333,50.63653846153849,48.6583333333333,1.97660256410256,18.4275641025641,237.909615384615,16.6865384615385,7.30769230769231
181,Montezuma,10615.0,4009.0,2972.0,1567.0,67.0,26.0,1741.0,24.0,198.0,11.0,8.0,83.0,2018,25909.0,8083.0,Cortez,"25,535","5,256.45","2,029.53",27.517,10.624,"5,283.97","2,040.15",37.338025,-108.595786,66.1519230769231,35.1833333333333,50.63653846153849,48.6583333333333,1.97660256410256,18.4275641025641,237.909615384615,16.6865384615385,7.30769230769231
182,Montezuma,10655.0,3910.0,3122.0,1661.0,55.0,69.0,1678.0,0.0,158.0,2.0,8.0,83.0,2019,26031.0,8083.0,Cortez,"25,535","5,256.45","2,029.53",27.517,10.624,"5,283.97","2,040.15",37.338025,-108.595786,66.1519230769231,35.1833333333333,50.63653846153849,48.6583333333333,1.97660256410256,18.4275641025641,237.909615384615,16.6865384615385,7.30769230769231
183,Montezuma,10521.0,4098.0,3171.0,1649.0,57.0,76.0,1300.0,9.0,161.0,0.0,8.0,83.0,2020,26266.0,8083.0,Cortez,"25,535","5,256.45","2,029.53",27.517,10.624,"5,283.97","2,040.15",37.338025,-108.595786,66.1519230769231,35.1833333333333,50.63653846153849,48.6583333333333,1.97660256410256,18.4275641025641,237.909615384615,16.6865384615385,7.30769230769231
184,Montezuma,10588.5,3995.5,3351.5,1729.0,75.0,98.0,1219.5,0.0,128.0,0.0,,,2021,,,,,,,,,,,,,,,,,,,,,
185,San Miguel,3301.0,1427.0,471.0,968.0,0.0,3.0,399.0,23.0,3.0,7.0,8.0,113.0,2017,7804.0,8113.0,Telluride,"7,359","3,332.31","1,286.61",5.214,2.013,"3,337.52","1,288.62",38.009374,-108.427326,58.6192307692308,37.0608974358974,47.3698717948718,45.0967948717949,4.91455128205128,29.4782051282051,291.105128205128,17.9647435897436,7.50641025641026
186,San Miguel,3441.0,1539.0,452.0,1062.0,8.0,0.0,340.0,30.0,3.0,7.0,8.0,113.0,2018,7968.0,8113.0,Telluride,"7,359","3,332.31","1,286.61",5.214,2.013,"3,337.52","1,288.62",38.009374,-108.427326,58.6192307692308,37.0608974358974,47.3698717948718,45.0967948717949,4.91455128205128,29.4782051282051,291.105128205128,17.9647435897436,7.50641025641026
187,San Miguel,3552.0,1654.0,504.0,1026.0,18.0,0.0,302.0,37.0,0.0,11.0,8.0,113.0,2019,8049.0,8113.0,Telluride,"7,359","3,332.31","1,286.61",5.214,2.013,"3,337.52","1,288.62",38.009374,-108.427326,58.6192307692308,37.0608974358974,47.3698717948718,45.0967948717949,4.91455128205128,29.4782051282051,291.105128205128,17.9647435897436,7.50641025641026
188,San Miguel,3604.0,1617.0,557.0,1020.0,26.0,0.0,329.0,49.0,0.0,6.0,8.0,113.0,2020,8110.0,8113.0,Telluride,"7,359","3,332.31","1,286.61",5.214,2.013,"3,337.52","1,288.62",38.009374,-108.427326,58.6192307692308,37.0608974358974,47.3698717948718,45.0967948717949,4.91455128205128,29.4782051282051,291.105128205128,17.9647435897436,7.50641025641026
189,San Miguel,3729.5,1730.5,573.5,1049.0,35.0,0.0,280.5,56.0,0.0,8.0,,,2021,,,,,,,,,,,,,,,,,,,,,
190,Teller,10076.0,5403.0,1607.0,1222.0,18.0,0.0,1589.0,71.0,90.0,76.0,8.0,119.0,2017,23769.0,8119.0,Cripple Creek,"23,350","1,442.77",557.055,4.945,1.909,"1,447.71",558.964,38.871994,-105.182552,63.2955128205128,38.13205128205129,50.3903846153846,45.0871794871795,6.65076923076923,37.4948717948718,268.969871794872,16.2820512820513,7.14102564102564
191,Teller,10183.0,5408.0,1748.0,1274.0,17.0,0.0,1532.0,66.0,90.0,48.0,8.0,119.0,2018,24113.0,8119.0,Cripple Creek,"23,350","1,442.77",557.055,4.945,1.909,"1,447.71",558.964,38.871994,-105.182552,63.2955128205128,38.13205128205129,50.3903846153846,45.0871794871795,6.65076923076923,37.4948717948718,268.969871794872,16.2820512820513,7.14102564102564
192,Teller,10248.0,5424.0,1980.0,1273.0,4.0,0.0,1404.0,26.0,78.0,59.0,8.0,119.0,2019,24524.0,8119.0,Cripple Creek,"23,350","1,442.77",557.055,4.945,1.909,"1,447.71",558.964,38.871994,-105.182552,63.2955128205128,38.13205128205129,50.3903846153846,45.0871794871795,6.65076923076923,37.4948717948718,268.969871794872,16.2820512820513,7.14102564102564
193,Teller,10460.0,5735.0,2115.0,1364.0,0.0,0.0,1129.0,14.0,70.0,33.0,8.0,119.0,2020,24981.0,8119.0,Cripple Creek,"23,350","1,442.77",557.055,4.945,1.909,"1,447.71",558.964,38.871994,-105.182552,63.2955128205128,38.13205128205129,50.3903846153846,45.0871794871795,6.65076923076923,37.4948717948718,268.969871794872,16.2820512820513,7.14102564102564
194,Teller,10546.0,5745.5,2301.5,1389.5,0.0,0.0,1036.5,0.0,64.0,24.5,,,2021,,,,,,,,,,,,,,,,,,,,,
195,Boulder,125026.0,90069.0,3573.0,28059.0,136.0,49.0,1563.0,635.0,510.0,432.0,8.0,13.0,2017,316782.0,8013.0,Boulder,"294,567","1,881.08",726.289,36.469,14.081,"1,917.55",740.37,40.094826,-105.398382,59.7512820512821,35.923717948718,47.4160256410256,55.4602564102564,9.08141025641026,19.4839743589744,197.99358974359,14.8692307692308,6.37820512820513
196,Boulder,125894.0,90956.0,3690.0,28198.0,115.0,28.0,1301.0,616.0,548.0,442.0,8.0,13.0,2018,321030.0,8013.0,Boulder,"294,567","1,881.08",726.289,36.469,14.081,"1,917.55",740.37,40.094826,-105.398382,59.7512820512821,35.923717948718,47.4160256410256,55.4602564102564,9.08141025641026,19.4839743589744,197.99358974359,14.8692307692308,6.37820512820513
197,Boulder,127415.0,91532.0,3698.0,29079.0,109.0,0.0,1225.0,635.0,642.0,495.0,8.0,13.0,2019,322510.0,8013.0,Boulder,"294,567","1,881.08",726.289,36.469,14.081,"1,917.55",740.37,40.094826,-105.398382,59.7512820512821,35.923717948718,47.4160256410256,55.4602564102564,9.08141025641026,19.4839743589744,197.99358974359,14.8692307692308,6.37820512820513
198,Boulder,127365.0,91177.0,3780.0,29244.0,89.0,0.0,1054.0,695.0,630.0,696.0,8.0,13.0,2020,324682.0,8013.0,Boulder,"294,567","1,881.08",726.289,36.469,14.081,"1,917.55",740.37,40.094826,-105.398382,59.7512820512821,35.923717948718,47.4160256410256,55.4602564102564,9.08141025641026,19.4839743589744,197.99358974359,14.8692307692308,6.37820512820513
199,Boulder,128559.5,91908.5,3842.5,29754.0,75.5,0.0,885.0,695.0,696.0,727.5,,,2021,,,,,,,,,,,,,,,,,,,,,
200,Elbert,8866.0,3222.0,3768.0,1087.0,21.0,0.0,531.0,17.0,199.0,21.0,8.0,39.0,2017,24553.0,8039.0,Colorado Springs,"23,086","4,793.67","1,850.85",0.442,0.171,"4,794.11","1,851.02",39.310817,-104.117928,62.8448717948718,34.5051282051282,48.1108974358974,49.526923076923104,5.55544871794872,23.6032051282051,289.399358974359,17.1576923076923,7.07692307692308
201,Elbert,9046.0,3488.0,3743.0,1026.0,3.0,0.0,542.0,13.0,209.0,22.0,8.0,39.0,2018,25162.0,8039.0,Colorado Springs,"23,086","4,793.67","1,850.85",0.442,0.171,"4,794.11","1,851.02",39.310817,-104.117928,62.8448717948718,34.5051282051282,48.1108974358974,49.526923076923104,5.55544871794872,23.6032051282051,289.399358974359,17.1576923076923,7.07692307692308
202,Elbert,9280.0,3484.0,4055.0,1000.0,5.0,0.0,461.0,12.0,213.0,50.0,8.0,39.0,2019,25717.0,8039.0,Colorado Springs,"23,086","4,793.67","1,850.85",0.442,0.171,"4,794.11","1,851.02",39.310817,-104.117928,62.8448717948718,34.5051282051282,48.1108974358974,49.526923076923104,5.55544871794872,23.6032051282051,289.399358974359,17.1576923076923,7.07692307692308
203,Elbert,8816.0,3214.0,3897.0,815.0,4.0,0.0,626.0,11.0,154.0,95.0,8.0,39.0,2020,26230.0,8039.0,Colorado Springs,"23,086","4,793.67","1,850.85",0.442,0.171,"4,794.11","1,851.02",39.310817,-104.117928,62.8448717948718,34.5051282051282,48.1108974358974,49.526923076923104,5.55544871794872,23.6032051282051,289.399358974359,17.1576923076923,7.07692307692308
204,Elbert,9023.000000000002,3344.999999999999,4040.5,771.5,0.0,0.0,591.0,8.5,161.0,109.5,,,2021,,,,,,,,,,,,,,,,,,,,,
205,Las Animas,6327.0,3316.0,1456.0,781.0,2.0,1.0,657.0,18.0,95.0,1.0,8.0,71.0,2017,14151.0,8071.0,Trinidad,"15,507","12,361.16","4,772.67",6.93,2.676,"12,368.09","4,775.35",37.318831,-104.04411,69.0339743589744,39.1826923076923,53.3737179487179,45.4442307692308,5.87615384615385,17.800641025641,280.083974358974,18.5096153846154,7.51282051282051
206,Las Animas,6477.0,3411.0,1434.0,839.0,7.0,1.0,675.0,16.0,89.0,5.0,8.0,71.0,2018,14179.0,8071.0,Trinidad,"15,507","12,361.16","4,772.67",6.93,2.676,"12,368.09","4,775.35",37.318831,-104.04411,69.0339743589744,39.1826923076923,53.3737179487179,45.4442307692308,5.87615384615385,17.800641025641,280.083974358974,18.5096153846154,7.51282051282051
207,Las Animas,6670.0,3435.0,1478.0,962.0,5.0,8.0,676.0,15.0,57.0,34.0,8.0,71.0,2019,14266.0,8071.0,Trinidad,"15,507","12,361.16","4,772.67",6.93,2.676,"12,368.09","4,775.35",37.318831,-104.04411,69.0339743589744,39.1826923076923,53.3737179487179,45.4442307692308,5.87615384615385,17.800641025641,280.083974358974,18.5096153846154,7.51282051282051
208,Las Animas,6750.0,3346.0,1493.0,1057.0,6.0,7.0,709.0,68.0,29.0,35.0,8.0,71.0,2020,14323.0,8071.0,Trinidad,"15,507","12,361.16","4,772.67",6.93,2.676,"12,368.09","4,775.35",37.318831,-104.04411,69.0339743589744,39.1826923076923,53.3737179487179,45.4442307692308,5.87615384615385,17.800641025641,280.083974358974,18.5096153846154,7.51282051282051
209,Las Animas,6921.5,3405.5,1504.0,1147.5,7.5,10.5,718.5,66.5,10.0,51.5,,,2021,,,,,,,,,,,,,,,,,,,,,
210,Yuma,4053.0,2508.0,920.0,472.0,3.0,0.0,73.0,0.0,49.0,28.0,8.0,125.0,2017,10109.0,8125.0,Wray,"10,043","6,123.78","2,364.41",11.135,4.299,"6,134.92","2,368.70",40.000631,-102.422649,67.9897435897436,38.5294871794872,52.4070512820513,55.3698717948718,3.25871794871795,23.4769230769231,203.908974358974,16.6916666666667,6.58333333333333
211,Yuma,4051.0,2403.0,981.0,500.0,4.0,0.0,77.0,0.0,59.0,27.0,8.0,125.0,2018,10069.0,8125.0,Wray,"10,043","6,123.78","2,364.41",11.135,4.299,"6,134.92","2,368.70",40.000631,-102.422649,67.9897435897436,38.5294871794872,52.4070512820513,55.3698717948718,3.25871794871795,23.4769230769231,203.908974358974,16.6916666666667,6.58333333333333
212,Yuma,4028.0,2218.0,1048.0,635.0,3.0,0.0,56.0,0.0,43.0,25.0,8.0,125.0,2019,10003.0,8125.0,Wray,"10,043","6,123.78","2,364.41",11.135,4.299,"6,134.92","2,368.70",40.000631,-102.422649,67.9897435897436,38.5294871794872,52.4070512820513,55.3698717948718,3.25871794871795,23.4769230769231,203.908974358974,16.6916666666667,6.58333333333333
213,Yuma,4108.0,2327.0,1001.0,681.0,2.0,0.0,55.0,0.0,21.0,21.0,8.0,125.0,2020,10013.0,8125.0,Wray,"10,043","6,123.78","2,364.41",11.135,4.299,"6,134.92","2,368.70",40.000631,-102.422649,67.9897435897436,38.5294871794872,52.4070512820513,55.3698717948718,3.25871794871795,23.4769230769231,203.908974358974,16.6916666666667,6.58333333333333
214,Yuma,4095.5,2182.0,1065.0,762.5,2.0,0.0,46.5,0.0,18.0,19.5,,,2021,,,,,,,,,,,,,,,,,,,,,
215,Lincoln,1477.0,860.0,349.0,189.0,9.0,0.0,37.0,0.0,32.0,1.0,8.0,73.0,2017,5520.0,8073.0,Hugo,"5,467","6,676.02","2,577.63",22.781,8.796,"6,698.80","2,586.42",38.99374,-103.507555,65.0730769230769,33.3403846153846,48.7365384615385,52.3044871794872,4.59410256410256,22.9089743589744,281.045512820513,16.8474358974359,6.93589743589744
216,Lincoln,1520.0,858.0,393.0,198.0,3.0,0.0,45.0,0.0,18.0,5.0,8.0,73.0,2018,5548.0,8073.0,Hugo,"5,467","6,676.02","2,577.63",22.781,8.796,"6,698.80","2,586.42",38.99374,-103.507555,65.0730769230769,33.3403846153846,48.7365384615385,52.3044871794872,4.59410256410256,22.9089743589744,281.045512820513,16.8474358974359,6.93589743589744
217,Lincoln,1518.0,875.0,360.0,215.0,3.0,0.0,37.0,0.0,22.0,6.0,8.0,73.0,2019,5585.0,8073.0,Hugo,"5,467","6,676.02","2,577.63",22.781,8.796,"6,698.80","2,586.42",38.99374,-103.507555,65.0730769230769,33.3403846153846,48.7365384615385,52.3044871794872,4.59410256410256,22.9089743589744,281.045512820513,16.8474358974359,6.93589743589744
218,Lincoln,1513.0,891.0,341.0,205.0,6.0,0.0,50.0,0.0,15.0,5.0,8.0,73.0,2020,5608.0,8073.0,Hugo,"5,467","6,676.02","2,577.63",22.781,8.796,"6,698.80","2,586.42",38.99374,-103.507555,65.0730769230769,33.3403846153846,48.7365384615385,52.3044871794872,4.59410256410256,22.9089743589744,281.045512820513,16.8474358974359,6.93589743589744
219,Lincoln,1533.5,898.5,346.5,218.0,3.0,0.0,50.0,0.0,10.0,7.5,,,2021,,,,,,,,,,,,,,,,,,,,,
220,Routt,9478.0,4110.0,1548.0,2858.0,0.0,68.0,726.0,27.0,141.0,0.0,8.0,107.0,2017,24359.0,8107.0,Steamboat Springs,"23,509","6,117.62","2,362.03",15.826,6.11,"6,133.45","2,368.14",40.48316,-106.985289,56.0891025641026,29.4358974358974,42.4865384615385,59.0621794871795,5.60891025641026,32.1294871794872,281.31217948718,18.373717948718,7.15384615384615
221,Routt,9552.0,4280.0,1543.0,2776.0,0.0,34.0,760.0,26.0,133.0,0.0,8.0,107.0,2018,24874.0,8107.0,Steamboat Springs,"23,509","6,117.62","2,362.03",15.826,6.11,"6,133.45","2,368.14",40.48316,-106.985289,56.0891025641026,29.4358974358974,42.4865384615385,59.0621794871795,5.60891025641026,32.1294871794872,281.31217948718,18.373717948718,7.15384615384615
222,Routt,9603.0,4355.0,1425.0,2841.0,0.0,23.0,851.0,0.0,108.0,0.0,8.0,107.0,2019,25072.0,8107.0,Steamboat Springs,"23,509","6,117.62","2,362.03",15.826,6.11,"6,133.45","2,368.14",40.48316,-106.985289,56.0891025641026,29.4358974358974,42.4865384615385,59.0621794871795,5.60891025641026,32.1294871794872,281.31217948718,18.373717948718,7.15384615384615
223,Routt,10100.0,4707.0,1506.0,2815.0,0.0,18.0,981.0,0.0,73.0,0.0,8.0,107.0,2020,25317.0,8107.0,Steamboat Springs,"23,509","6,117.62","2,362.03",15.826,6.11,"6,133.45","2,368.14",40.48316,-106.985289,56.0891025641026,29.4358974358974,42.4865384615385,59.0621794871795,5.60891025641026,32.1294871794872,281.31217948718,18.373717948718,7.15384615384615
224,Routt,10162.5,4829.5,1444.5,2806.5,0.0,0.0,1043.5,0.0,56.5,0.0,,,2021,,,,,,,,,,,,,,,,,,,,,
225,Summit,9455.0,4999.0,224.0,3834.0,0.0,0.0,301.0,3.0,50.0,44.0,8.0,117.0,2017,29722.0,8117.0,Breckenridge,"27,994","1,575.64",608.358,28.283,10.92,"1,603.92",619.278,39.621023,-106.137555,42.7884615384615,29.1403846153846,35.5730769230769,50.0224358974359,9.74897435897436,42.2064102564103,220.18141025641,17.4544871794872,7.39102564102564
226,Summit,9707.0,4864.0,187.0,4155.0,33.0,0.0,338.0,26.0,47.0,57.0,8.0,117.0,2018,30429.0,8117.0,Breckenridge,"27,994","1,575.64",608.358,28.283,10.92,"1,603.92",619.278,39.621023,-106.137555,42.7884615384615,29.1403846153846,35.5730769230769,50.0224358974359,9.74897435897436,42.2064102564103,220.18141025641,17.4544871794872,7.39102564102564
227,Summit,10641.0,5120.0,198.0,4830.0,34.0,0.0,333.0,22.0,51.0,53.0,8.0,117.0,2019,30649.0,8117.0,Breckenridge,"27,994","1,575.64",608.358,28.283,10.92,"1,603.92",619.278,39.621023,-106.137555,42.7884615384615,29.1403846153846,35.5730769230769,50.0224358974359,9.74897435897436,42.2064102564103,220.18141025641,17.4544871794872,7.39102564102564
228,Summit,11609.0,6016.0,290.0,4883.0,41.0,0.0,318.0,44.0,16.0,1.0,8.0,117.0,2020,30735.0,8117.0,Breckenridge,"27,994","1,575.64",608.358,28.283,10.92,"1,603.92",619.278,39.621023,-106.137555,42.7884615384615,29.1403846153846,35.5730769230769,50.0224358974359,9.74897435897436,42.2064102564103,220.18141025641,17.4544871794872,7.39102564102564
229,Summit,12202.0,6076.5,277.0,5381.0,58.0,0.0,334.0,53.5,16.5,5.5,,,2021,,,,,,,,,,,,,,,,,,,,,
230,Alamosa,6049.0,3074.0,614.0,1502.0,87.0,0.0,541.0,62.0,127.0,42.0,8.0,3.0,2017,16345.0,8003.0,Alamosa,"15,445","1,871.64",722.643,1.808,0.698,"1,873.45",723.341,37.568442,-105.788041,61.4833333333333,27.6532051282051,44.25705128205129,51.4961538461538,4.16653846153846,19.875,306.921794871795,18.8474358974359,7.46153846153846
231,Alamosa,6153.0,3097.0,670.0,1589.0,52.0,2.0,532.0,31.0,137.0,43.0,8.0,3.0,2018,16444.0,8003.0,Alamosa,"15,445","1,871.64",722.643,1.808,0.698,"1,873.45",723.341,37.568442,-105.788041,61.4833333333333,27.6532051282051,44.25705128205129,51.4961538461538,4.16653846153846,19.875,306.921794871795,18.8474358974359,7.46153846153846
232,Alamosa,6162.0,3086.0,767.0,1628.0,34.0,2.0,458.0,28.0,113.0,46.0,8.0,3.0,2019,16107.0,8003.0,Alamosa,"15,445","1,871.64",722.643,1.808,0.698,"1,873.45",723.341,37.568442,-105.788041,61.4833333333333,27.6532051282051,44.25705128205129,51.4961538461538,4.16653846153846,19.875,306.921794871795,18.8474358974359,7.46153846153846
233,Alamosa,6240.0,2826.0,908.0,1736.0,26.0,3.0,521.0,15.0,126.0,79.0,8.0,3.0,2020,16153.0,8003.0,Alamosa,"15,445","1,871.64",722.643,1.808,0.698,"1,873.45",723.341,37.568442,-105.788041,61.4833333333333,27.6532051282051,44.25705128205129,51.4961538461538,4.16653846153846,19.875,306.921794871795,18.8474358974359,7.46153846153846
234,Alamosa,6296.5,2832.0,984.5,1799.0,0.0,4.0,479.5,0.0,119.0,81.0,,,2021,,,,,,,,,,,,,,,,,,,,,
235,Clear Creek,4374.0,2256.0,691.0,735.0,17.0,0.0,546.0,53.0,61.0,15.0,8.0,19.0,2017,9257.0,8019.0,Georgetown,"9,088","1,023.63",395.227,3.28,1.266,"1,026.91",396.493,39.689403,-105.670791,37.6115384615385,23.7532051282051,30.2769230769231,54.0532051282051,8.62724358974359,39.7448717948718,274.123076923077,23.6846153846154,7.19871794871795
236,Clear Creek,4640.0,2426.0,817.0,807.0,11.0,0.0,456.0,53.0,59.0,11.0,8.0,19.0,2018,9379.0,8019.0,Georgetown,"9,088","1,023.63",395.227,3.28,1.266,"1,026.91",396.493,39.689403,-105.670791,37.6115384615385,23.7532051282051,30.2769230769231,54.0532051282051,8.62724358974359,39.7448717948718,274.123076923077,23.6846153846154,7.19871794871795
237,Clear Creek,4395.0,2248.0,806.0,755.0,14.0,0.0,428.0,75.0,57.0,12.0,8.0,19.0,2019,9495.0,8019.0,Georgetown,"9,088","1,023.63",395.227,3.28,1.266,"1,026.91",396.493,39.689403,-105.670791,37.6115384615385,23.7532051282051,30.2769230769231,54.0532051282051,8.62724358974359,39.7448717948718,274.123076923077,23.6846153846154,7.19871794871795
238,Clear Creek,4378.0,2099.0,1008.0,692.0,0.0,0.0,417.0,46.0,53.0,63.0,8.0,19.0,2020,9533.0,8019.0,Georgetown,"9,088","1,023.63",395.227,3.28,1.266,"1,026.91",396.493,39.689403,-105.670791,37.6115384615385,23.7532051282051,30.2769230769231,54.0532051282051,8.62724358974359,39.7448717948718,274.123076923077,23.6846153846154,7.19871794871795
239,Clear Creek,4388.5,2095.0,1065.5,702.0,0.0,0.0,358.0,57.0,51.0,61.5,,,2021,,,,,,,,,,,,,,,,,,,,,
240,Delta,12119.0,6336.0,1828.0,2299.0,16.0,145.0,1217.0,86.0,163.0,29.0,8.0,29.0,2017,30217.0,8029.0,Delta,"30,952","2,957.90","1,142.05",16.961,6.549,"2,974.86","1,148.60",38.861756,-107.864757,67.6461538461538,40.2878205128205,53.5025641025641,43.3410256410256,4.46051282051282,19.7224358974359,267.908333333333,17.2602564102564,7.31410256410256
241,Delta,11882.0,6199.0,1630.0,2270.0,17.0,132.0,1338.0,95.0,179.0,22.0,8.0,29.0,2018,30346.0,8029.0,Delta,"30,952","2,957.90","1,142.05",16.961,6.549,"2,974.86","1,148.60",38.861756,-107.864757,67.6461538461538,40.2878205128205,53.5025641025641,43.3410256410256,4.46051282051282,19.7224358974359,267.908333333333,17.2602564102564,7.31410256410256
242,Delta,11883.0,6032.0,1806.0,2389.0,27.0,162.0,1183.0,78.0,173.0,33.0,8.0,29.0,2019,30565.0,8029.0,Delta,"30,952","2,957.90","1,142.05",16.961,6.549,"2,974.86","1,148.60",38.861756,-107.864757,67.6461538461538,40.2878205128205,53.5025641025641,43.3410256410256,4.46051282051282,19.7224358974359,267.908333333333,17.2602564102564,7.31410256410256
243,Delta,12277.0,6058.0,2040.0,2436.0,8.0,58.0,1277.0,106.0,214.0,80.0,8.0,29.0,2020,30758.0,8029.0,Delta,"30,952","2,957.90","1,142.05",16.961,6.549,"2,974.86","1,148.60",38.861756,-107.864757,67.6461538461538,40.2878205128205,53.5025641025641,43.3410256410256,4.46051282051282,19.7224358974359,267.908333333333,17.2602564102564,7.31410256410256
244,Delta,12159.0,5906.0,2029.0,2481.0,13.5,66.5,1260.0,102.0,219.0,82.0,,,2021,,,,,,,,,,,,,,,,,,,,,
245,Fremont,16762.0,11313.0,2018.0,1880.0,10.0,35.0,1325.0,43.0,115.0,23.0,8.0,43.0,2017,46601.0,8043.0,Caon City,"46,824","3,970.63","1,533.07",2.235,0.863,"3,972.86","1,533.93",38.455658,-105.421438,63.5230769230769,39.1192307692308,50.8108974358974,43.9269230769231,7.07820512820513,36.2423076923077,295.796794871795,18.0602564102564,7.49358974358974
246,Fremont,17163.0,11647.0,2003.0,1931.0,14.0,6.0,1359.0,54.0,107.0,42.0,8.0,43.0,2018,47002.0,8043.0,Caon City,"46,824","3,970.63","1,533.07",2.235,0.863,"3,972.86","1,533.93",38.455658,-105.421438,63.5230769230769,39.1192307692308,50.8108974358974,43.9269230769231,7.07820512820513,36.2423076923077,295.796794871795,18.0602564102564,7.49358974358974
247,Fremont,17136.0,11548.0,2119.0,1960.0,5.0,5.0,1290.0,26.0,130.0,53.0,8.0,43.0,2019,47321.0,8043.0,Caon City,"46,824","3,970.63","1,533.07",2.235,0.863,"3,972.86","1,533.93",38.455658,-105.421438,63.5230769230769,39.1192307692308,50.8108974358974,43.9269230769231,7.07820512820513,36.2423076923077,295.796794871795,18.0602564102564,7.49358974358974
248,Fremont,17449.0,11922.0,2367.0,1710.0,50.0,5.0,1257.0,20.0,62.0,56.0,8.0,43.0,2020,47725.0,8043.0,Caon City,"46,824","3,970.63","1,533.07",2.235,0.863,"3,972.86","1,533.93",38.455658,-105.421438,63.5230769230769,39.1192307692308,50.8108974358974,43.9269230769231,7.07820512820513,36.2423076923077,295.796794871795,18.0602564102564,7.49358974358974
249,Fremont,17636.0,12039.5,2417.5,1750.0,47.5,0.0,1239.5,11.5,69.5,71.0,,,2021,,,,,,,,,,,,,,,,,,,,,
250,Pueblo,63489.0,47558.0,2941.0,10894.0,23.0,0.0,1110.0,47.0,658.0,258.0,8.0,101.0,2017,163368.0,8101.0,Pueblo,"159,063","6,179.98","2,386.10",30.28,11.691,"6,210.26","2,397.80",38.170658,-104.489893,70.2775641025641,38.3942307692308,53.8903846153846,46.825641025641,4.06012820512821,18.099358974359,259.025641025641,16.7814102564103,6.92307692307692
251,Pueblo,63762.0,48019.0,2609.0,11045.0,37.0,0.0,1158.0,49.0,589.0,256.0,8.0,101.0,2018,164685.0,8101.0,Pueblo,"159,063","6,179.98","2,386.10",30.28,11.691,"6,210.26","2,397.80",38.170658,-104.489893,70.2775641025641,38.3942307692308,53.8903846153846,46.825641025641,4.06012820512821,18.099358974359,259.025641025641,16.7814102564103,6.92307692307692
252,Pueblo,64314.0,48589.0,2747.0,10954.0,39.0,0.0,1119.0,52.0,585.0,229.0,8.0,101.0,2019,165982.0,8101.0,Pueblo,"159,063","6,179.98","2,386.10",30.28,11.691,"6,210.26","2,397.80",38.170658,-104.489893,70.2775641025641,38.3942307692308,53.8903846153846,46.825641025641,4.06012820512821,18.099358974359,259.025641025641,16.7814102564103,6.92307692307692
253,Pueblo,65206.0,49159.0,2501.0,11395.0,62.0,0.0,891.0,69.0,820.0,309.0,8.0,101.0,2020,167412.0,8101.0,Pueblo,"159,063","6,179.98","2,386.10",30.28,11.691,"6,210.26","2,397.80",38.170658,-104.489893,70.2775641025641,38.3942307692308,53.8903846153846,46.825641025641,4.06012820512821,18.099358974359,259.025641025641,16.7814102564103,6.92307692307692
254,Pueblo,65618.5,49674.5,2404.0,11425.0,70.0,0.0,895.5,71.5,783.5,294.5,,,2021,,,,,,,,,,,,,,,,,,,,,
255,Montrose,16951.0,9858.0,2065.0,2905.0,18.0,38.0,1775.0,61.0,152.0,79.0,8.0,85.0,2017,40908.0,8085.0,Montrose,"41,276","5,803.37","2,240.70",4.923,1.901,"5,808.30","2,242.60",38.413427,-108.263042,64.5589743589744,39.1012820512821,51.425,45.6301282051282,5.0748717948718,21.5474358974359,262.183974358974,17.7698717948718,7.55128205128205
256,Montrose,17125.0,10278.0,2050.0,2631.0,52.0,54.0,1726.0,46.0,192.0,96.0,8.0,85.0,2018,41268.0,8085.0,Montrose,"41,276","5,803.37","2,240.70",4.923,1.901,"5,808.30","2,242.60",38.413427,-108.263042,64.5589743589744,39.1012820512821,51.425,45.6301282051282,5.0748717948718,21.5474358974359,262.183974358974,17.7698717948718,7.55128205128205
257,Montrose,17140.0,10582.0,2055.0,2560.0,51.0,60.0,1490.0,58.0,175.0,109.0,8.0,85.0,2019,41686.0,8085.0,Montrose,"41,276","5,803.37","2,240.70",4.923,1.901,"5,808.30","2,242.60",38.413427,-108.263042,64.5589743589744,39.1012820512821,51.425,45.6301282051282,5.0748717948718,21.5474358974359,262.183974358974,17.7698717948718,7.55128205128205
258,Montrose,17483.0,11034.0,1994.0,2582.0,46.0,51.0,1501.0,47.0,149.0,79.0,8.0,85.0,2020,42280.0,8085.0,Montrose,"41,276","5,803.37","2,240.70",4.923,1.901,"5,808.30","2,242.60",38.413427,-108.263042,64.5589743589744,39.1012820512821,51.425,45.6301282051282,5.0748717948718,21.5474358974359,262.183974358974,17.7698717948718,7.55128205128205
259,Montrose,17577.5,11396.0,1989.0,2409.5,62.5,62.0,1358.5,45.5,160.5,94.0,,,2021,,,,,,,,,,,,,,,,,,,,,
260,Morgan,10599.0,5513.0,1413.0,3266.0,24.0,0.0,228.0,7.0,117.0,31.0,8.0,87.0,2017,28123.0,8087.0,Fort Morgan,"28,159","3,316.31","1,280.43",34.474,13.31,"3,350.78","1,293.74",40.262354,-103.807092,65.8807692307692,36.3403846153846,50.5346153846154,52.1692307692308,3.4723717948718,22.375641025641,224.694871794872,17.2185897435897,6.94871794871795
261,Morgan,10785.0,5624.0,1381.0,3378.0,26.0,0.0,260.0,9.0,98.0,9.0,8.0,87.0,2018,28257.0,8087.0,Fort Morgan,"28,159","3,316.31","1,280.43",34.474,13.31,"3,350.78","1,293.74",40.262354,-103.807092,65.8807692307692,36.3403846153846,50.5346153846154,52.1692307692308,3.4723717948718,22.375641025641,224.694871794872,17.2185897435897,6.94871794871795
262,Morgan,10928.0,5358.0,1664.0,3563.0,12.0,0.0,236.0,13.0,79.0,3.0,8.0,87.0,2019,28517.0,8087.0,Fort Morgan,"28,159","3,316.31","1,280.43",34.474,13.31,"3,350.78","1,293.74",40.262354,-103.807092,65.8807692307692,36.3403846153846,50.5346153846154,52.1692307692308,3.4723717948718,22.375641025641,224.694871794872,17.2185897435897,6.94871794871795
263,Morgan,10863.0,5344.0,1738.0,3448.0,14.0,0.0,195.0,77.0,44.0,3.0,8.0,87.0,2020,28617.0,8087.0,Fort Morgan,"28,159","3,316.31","1,280.43",34.474,13.31,"3,350.78","1,293.74",40.262354,-103.807092,65.8807692307692,36.3403846153846,50.5346153846154,52.1692307692308,3.4723717948718,22.375641025641,224.694871794872,17.2185897435897,6.94871794871795
264,Morgan,11027.5,5266.5,1863.5,3596.5,8.0,0.0,199.0,80.0,25.0,0.0,,,2021,,,,,,,,,,,,,,,,,,,,,
265,Park,7389.0,2780.0,2110.0,827.0,0.0,8.0,1468.0,26.0,170.0,0.0,8.0,93.0,2017,16900.0,8093.0,Fairplay,"16,206","5,682.03","2,193.85",43.531,16.807,"5,725.57","2,210.65",39.118914,-105.717648,45.9134615384615,28.8602564102564,36.575,49.2692307692308,7.47878205128205,34.4596153846154,216.178205128205,16.8429487179487,7.46153846153846
266,Park,7119.0,2771.0,2082.0,766.0,0.0,8.0,1286.0,19.0,187.0,0.0,8.0,93.0,2018,17392.0,8093.0,Fairplay,"16,206","5,682.03","2,193.85",43.531,16.807,"5,725.57","2,210.65",39.118914,-105.717648,45.9134615384615,28.8602564102564,36.575,49.2692307692308,7.47878205128205,34.4596153846154,216.178205128205,16.8429487179487,7.46153846153846
267,Park,6931.0,2751.0,2094.0,734.0,0.0,0.0,1173.0,28.0,151.0,0.0,8.0,93.0,2019,17867.0,8093.0,Fairplay,"16,206","5,682.03","2,193.85",43.531,16.807,"5,725.57","2,210.65",39.118914,-105.717648,45.9134615384615,28.8602564102564,36.575,49.2692307692308,7.47878205128205,34.4596153846154,216.178205128205,16.8429487179487,7.46153846153846
268,Park,6987.0,2868.0,2021.0,722.0,0.0,0.0,1178.0,8.0,190.0,0.0,8.0,93.0,2020,18345.0,8093.0,Fairplay,"16,206","5,682.03","2,193.85",43.531,16.807,"5,725.57","2,210.65",39.118914,-105.717648,45.9134615384615,28.8602564102564,36.575,49.2692307692308,7.47878205128205,34.4596153846154,216.178205128205,16.8429487179487,7.46153846153846
269,Park,6758.0,2853.5,2013.0,675.5,0.0,0.0,1030.5,9.0,180.5,0.0,,,2021,,,,,,,,,,,,,,,,,,,,,
270,Saguache,2626.0,640.0,853.0,321.0,34.0,14.0,660.0,36.0,51.0,17.0,8.0,109.0,2017,6338.0,8109.0,Saguache,"6,108","8,206.44","3,168.53",4.455,1.72,"8,210.90","3,170.25",38.033952,-106.246675,59.423717948718,31.6717948717949,44.8467948717949,48.599358974359,2.72435897435897,22.3685897435897,307.796794871795,19.0397435897436,7.84615384615385
271,Saguache,2645.0,630.0,872.0,272.0,16.0,15.0,705.0,41.0,56.0,38.0,8.0,109.0,2018,6468.0,8109.0,Saguache,"6,108","8,206.44","3,168.53",4.455,1.72,"8,210.90","3,170.25",38.033952,-106.246675,59.423717948718,31.6717948717949,44.8467948717949,48.599358974359,2.72435897435897,22.3685897435897,307.796794871795,19.0397435897436,7.84615384615385
272,Saguache,2860.0,690.0,985.0,358.0,17.0,13.0,674.0,37.0,52.0,34.0,8.0,109.0,2019,6592.0,8109.0,Saguache,"6,108","8,206.44","3,168.53",4.455,1.72,"8,210.90","3,170.25",38.033952,-106.246675,59.423717948718,31.6717948717949,44.8467948717949,48.599358974359,2.72435897435897,22.3685897435897,307.796794871795,19.0397435897436,7.84615384615385
273,Saguache,2803.0,710.0,938.0,396.0,24.0,13.0,629.0,35.0,30.0,28.0,8.0,109.0,2020,6730.0,8109.0,Saguache,"6,108","8,206.44","3,168.53",4.455,1.72,"8,210.90","3,170.25",38.033952,-106.246675,59.423717948718,31.6717948717949,44.8467948717949,48.599358974359,2.72435897435897,22.3685897435897,307.796794871795,19.0397435897436,7.84615384615385
274,Saguache,2920.0,735.0,1004.0,414.5,15.5,12.5,636.0,35.5,30.5,36.5,,,2021,,,,,,,,,,,,,,,,,,,,,
275,Mesa,60562.0,45317.0,2445.0,9911.0,42.0,39.0,1819.0,205.0,635.0,149.0,8.0,77.0,2017,148798.0,8077.0,Grand Junction,"146,723","8,622.00","3,328.97",31.467,12.149,"8,653.47","3,341.12",39.019492,-108.461837,67.4487179487179,42.4871794871795,54.6083333333333,41.6775641025641,2.69788461538462,18.2589743589744,287.09358974359,18.0179487179487,7.10897435897436
276,Mesa,61033.0,45532.0,2586.0,10265.0,30.0,40.0,1681.0,259.0,493.0,147.0,8.0,77.0,2018,149998.0,8077.0,Grand Junction,"146,723","8,622.00","3,328.97",31.467,12.149,"8,653.47","3,341.12",39.019492,-108.461837,67.4487179487179,42.4871794871795,54.6083333333333,41.6775641025641,2.69788461538462,18.2589743589744,287.09358974359,18.0179487179487,7.10897435897436
277,Mesa,61742.0,46784.0,2299.0,9926.0,12.0,43.0,1747.0,252.0,530.0,149.0,8.0,77.0,2019,151218.0,8077.0,Grand Junction,"146,723","8,622.00","3,328.97",31.467,12.149,"8,653.47","3,341.12",39.019492,-108.461837,67.4487179487179,42.4871794871795,54.6083333333333,41.6775641025641,2.69788461538462,18.2589743589744,287.09358974359,18.0179487179487,7.10897435897436
278,Mesa,59750.0,44909.0,2636.0,9702.0,12.0,35.0,1440.0,421.0,396.0,199.0,8.0,77.0,2020,152962.0,8077.0,Grand Junction,"146,723","8,622.00","3,328.97",31.467,12.149,"8,653.47","3,341.12",39.019492,-108.461837,67.4487179487179,42.4871794871795,54.6083333333333,41.6775641025641,2.69788461538462,18.2589743589744,287.09358974359,18.0179487179487,7.10897435897436
279,Mesa,60340.0,45642.5,2563.0,9709.5,0.0,37.0,1404.0,444.5,343.5,199.0,,,2021,,,,,,,,,,,,,,,,,,,,,
280,Prowers,4913.0,3801.0,463.0,498.0,3.0,0.0,73.0,0.0,27.0,48.0,8.0,99.0,2017,12084.0,8099.0,Lamar,"12,551","4,243.42","1,638.40",15.353,5.928,"4,258.78","1,644.32",37.958181,-102.392161,71.024358974359,38.9474358974359,54.423717948718,52.2032051282051,3.89955128205128,19.1782051282051,236.626923076923,17.3294871794872,7.19230769230769
281,Prowers,4963.0,3857.0,398.0,565.0,3.0,0.0,70.0,0.0,32.0,38.0,8.0,99.0,2018,12052.0,8099.0,Lamar,"12,551","4,243.42","1,638.40",15.353,5.928,"4,258.78","1,644.32",37.958181,-102.392161,71.024358974359,38.9474358974359,54.423717948718,52.2032051282051,3.89955128205128,19.1782051282051,236.626923076923,17.3294871794872,7.19230769230769
282,Prowers,4888.0,3871.0,361.0,522.0,19.0,0.0,58.0,0.0,32.0,25.0,8.0,99.0,2019,12022.0,8099.0,Lamar,"12,551","4,243.42","1,638.40",15.353,5.928,"4,258.78","1,644.32",37.958181,-102.392161,71.024358974359,38.9474358974359,54.423717948718,52.2032051282051,3.89955128205128,19.1782051282051,236.626923076923,17.3294871794872,7.19230769230769
283,Prowers,4900.0,3822.0,346.0,573.0,28.0,0.0,55.0,0.0,18.0,58.0,8.0,99.0,2020,12035.0,8099.0,Lamar,"12,551","4,243.42","1,638.40",15.353,5.928,"4,258.78","1,644.32",37.958181,-102.392161,71.024358974359,38.9474358974359,54.423717948718,52.2032051282051,3.89955128205128,19.1782051282051,236.626923076923,17.3294871794872,7.19230769230769
284,Prowers,4887.5,3857.0,295.0,585.0,36.0,0.0,47.5,0.0,20.5,46.5,,,2021,,,,,,,,,,,,,,,,,,,,,
285,Hinsdale,368.0,26.0,156.0,77.0,0.0,0.0,102.0,5.0,2.0,0.0,8.0,53.0,2017,820.0,8053.0,Lake City,843,"2,893.67","1,117.25",15.325,5.917,"2,908.99","1,123.17",37.811625,-107.383405,52.5320512820513,33.7647435897436,42.6512820512821,48.5897435897436,7.45173076923077,33.8916666666667,253.814743589744,15.9621794871795,7.17948717948718
286,Hinsdale,387.0,20.0,172.0,73.0,0.0,2.0,118.0,0.0,2.0,0.0,8.0,53.0,2018,878.0,8053.0,Lake City,843,"2,893.67","1,117.25",15.325,5.917,"2,908.99","1,123.17",37.811625,-107.383405,52.5320512820513,33.7647435897436,42.6512820512821,48.5897435897436,7.45173076923077,33.8916666666667,253.814743589744,15.9621794871795,7.17948717948718
287,Hinsdale,377.0,18.0,163.0,69.0,0.0,2.0,123.0,0.0,2.0,0.0,8.0,53.0,2019,857.0,8053.0,Lake City,843,"2,893.67","1,117.25",15.325,5.917,"2,908.99","1,123.17",37.811625,-107.383405,52.5320512820513,33.7647435897436,42.6512820512821,48.5897435897436,7.45173076923077,33.8916666666667,253.814743589744,15.9621794871795,7.17948717948718
288,Hinsdale,376.0,21.0,181.0,53.0,0.0,2.0,116.0,0.0,3.0,0.0,8.0,53.0,2020,781.0,8053.0,Lake City,843,"2,893.67","1,117.25",15.325,5.917,"2,908.99","1,123.17",37.811625,-107.383405,52.5320512820513,33.7647435897436,42.6512820512821,48.5897435897436,7.45173076923077,33.8916666666667,253.814743589744,15.9621794871795,7.17948717948718
289,Hinsdale,380.5,17.0,184.5,49.0,0.0,3.0,126.5,0.0,3.0,0.0,,,2021,,,,,,,,,,,,,,,,,,,,,
290,El Paso,249745.0,179449.0,9971.0,56213.0,103.0,70.0,1665.0,245.0,1136.0,893.0,8.0,41.0,2017,674826.0,8041.0,Kiowa,"622,263","5,508.39","2,126.80",7.112,2.746,"5,515.50","2,129.55",38.827383,-104.527472,64.7839743589744,38.3980769230769,51.2070512820513,45.3608974358974,5.68923076923077,43.4416666666667,222.887820512821,13.6038461538462,5.98076923076923
291,El Paso,253379.0,181864.0,9639.0,57909.0,127.0,54.0,1508.0,311.0,1040.0,927.0,8.0,41.0,2018,688153.0,8041.0,Kiowa,"622,263","5,508.39","2,126.80",7.112,2.746,"5,515.50","2,129.55",38.827383,-104.527472,64.7839743589744,38.3980769230769,51.2070512820513,45.3608974358974,5.68923076923077,43.4416666666667,222.887820512821,13.6038461538462,5.98076923076923
292,El Paso,257507.0,184131.0,9537.0,59724.0,181.0,41.0,1594.0,219.0,1127.0,953.0,8.0,41.0,2019,698974.0,8041.0,Kiowa,"622,263","5,508.39","2,126.80",7.112,2.746,"5,515.50","2,129.55",38.827383,-104.527472,64.7839743589744,38.3980769230769,51.2070512820513,45.3608974358974,5.68923076923077,43.4416666666667,222.887820512821,13.6038461538462,5.98076923076923
293,El Paso,262780.0,184058.0,10137.0,63625.0,386.0,28.0,1557.0,321.0,1459.0,1209.0,8.0,41.0,2020,710499.0,8041.0,Kiowa,"622,263","5,508.39","2,126.80",7.112,2.746,"5,515.50","2,129.55",38.827383,-104.527472,64.7839743589744,38.3980769230769,51.2070512820513,45.3608974358974,5.68923076923077,43.4416666666667,222.887820512821,13.6038461538462,5.98076923076923
294,El Paso,266661.0,186399.0,9920.0,65380.5,425.0,13.5,1521.5,308.0,1454.5,1239.0,,,2021,,,,,,,,,,,,,,,,,,,,,
295,Washington,2012.0,854.0,620.0,438.0,10.0,0.0,55.0,0.0,24.0,11.0,8.0,121.0,2017,4809.0,8121.0,Akron,"4,814","6,521.67","2,518.03",15.207,5.872,"6,536.88","2,523.90",39.965413,-103.209605,64.9358974358974,37.9673076923077,50.9307692307692,52.9839743589744,2.35057692307692,22.2980769230769,219.221153846154,16.5346153846154,6.45512820512821
296,Washington,2030.0,859.0,650.0,428.0,2.0,0.0,59.0,0.0,20.0,12.0,8.0,121.0,2018,4840.0,8121.0,Akron,"4,814","6,521.67","2,518.03",15.207,5.872,"6,536.88","2,523.90",39.965413,-103.209605,64.9358974358974,37.9673076923077,50.9307692307692,52.9839743589744,2.35057692307692,22.2980769230769,219.221153846154,16.5346153846154,6.45512820512821
297,Washington,2087.0,799.0,722.0,467.0,3.0,0.0,50.0,0.0,29.0,17.0,8.0,121.0,2019,4868.0,8121.0,Akron,"4,814","6,521.67","2,518.03",15.207,5.872,"6,536.88","2,523.90",39.965413,-103.209605,64.9358974358974,37.9673076923077,50.9307692307692,52.9839743589744,2.35057692307692,22.2980769230769,219.221153846154,16.5346153846154,6.45512820512821
298,Washington,2081.0,722.0,712.0,558.0,6.0,0.0,49.0,0.0,24.0,10.0,8.0,121.0,2020,4869.0,8121.0,Akron,"4,814","6,521.67","2,518.03",15.207,5.872,"6,536.88","2,523.90",39.965413,-103.209605,64.9358974358974,37.9673076923077,50.9307692307692,52.9839743589744,2.35057692307692,22.2980769230769,219.221153846154,16.5346153846154,6.45512820512821
299,Washington,2118.5,694.5,763.0,572.5,2.5,0.0,46.5,0.0,26.5,13.0,,,2021,,,,,,,,,,,,,,,,,,,,,
300,Grand,5724.0,2653.0,710.0,1707.0,0.0,20.0,564.0,15.0,41.0,14.0,8.0,49.0,2017,14793.0,8049.0,Hot Sulphur Springs,"14,843","4,781.97","1,846.33",60.25,23.263,"4,842.22","1,869.59",40.123289,-106.095876,50.6358974358974,24.7108974358974,37.1147435897436,59.2089743589744,8.49358974358974,33.0391025641026,213.569871794872,16.4519230769231,6.94871794871795
301,Grand,5823.0,2562.0,646.0,1931.0,0.0,19.0,602.0,17.0,43.0,3.0,8.0,49.0,2018,15066.0,8049.0,Hot Sulphur Springs,"14,843","4,781.97","1,846.33",60.25,23.263,"4,842.22","1,869.59",40.123289,-106.095876,50.6358974358974,24.7108974358974,37.1147435897436,59.2089743589744,8.49358974358974,33.0391025641026,213.569871794872,16.4519230769231,6.94871794871795
302,Grand,5884.0,2572.0,669.0,2075.0,0.0,25.0,477.0,0.0,61.0,5.0,8.0,49.0,2019,15303.0,8049.0,Hot Sulphur Springs,"14,843","4,781.97","1,846.33",60.25,23.263,"4,842.22","1,869.59",40.123289,-106.095876,50.6358974358974,24.7108974358974,37.1147435897436,59.2089743589744,8.49358974358974,33.0391025641026,213.569871794872,16.4519230769231,6.94871794871795
303,Grand,6315.0,2800.0,588.0,2190.0,6.0,11.0,648.0,0.0,67.0,5.0,8.0,49.0,2020,15536.0,8049.0,Hot Sulphur Springs,"14,843","4,781.97","1,846.33",60.25,23.263,"4,842.22","1,869.59",40.123289,-106.095876,50.6358974358974,24.7108974358974,37.1147435897436,59.2089743589744,8.49358974358974,33.0391025641026,213.569871794872,16.4519230769231,6.94871794871795
304,Grand,6395.0,2759.5,567.5,2374.0,6.0,13.5,604.5,0.0,77.0,0.5,,,2021,,,,,,,,,,,,,,,,,,,,,
305,Arapahoe,235263.0,167503.0,2753.0,62067.0,202.0,27.0,618.0,321.0,952.0,820.0,8.0,5.0,2017,626612.0,8005.0,Littleton,"572,003","2,067.07",798.1,19.004,7.337,"2,086.07",805.437,39.644632,-104.331733,65.7865384615385,39.8275641025641,52.123717948718,46.5762820512821,5.12807692307692,51.7217948717949,250.159615384615,14.7173076923077,6.25
306,Arapahoe,237559.0,167694.0,2835.0,63801.0,209.0,36.0,603.0,446.0,988.0,947.0,8.0,5.0,2018,636671.0,8005.0,Littleton,"572,003","2,067.07",798.1,19.004,7.337,"2,086.07",805.437,39.644632,-104.331733,65.7865384615385,39.8275641025641,52.123717948718,46.5762820512821,5.12807692307692,51.7217948717949,250.159615384615,14.7173076923077,6.25
307,Arapahoe,240304.0,166917.0,3211.0,66909.0,198.0,94.0,571.0,553.0,877.0,974.0,8.0,5.0,2019,644560.0,8005.0,Littleton,"572,003","2,067.07",798.1,19.004,7.337,"2,086.07",805.437,39.644632,-104.331733,65.7865384615385,39.8275641025641,52.123717948718,46.5762820512821,5.12807692307692,51.7217948717949,250.159615384615,14.7173076923077,6.25
308,Arapahoe,241889.0,166488.0,3056.0,68639.0,270.0,93.0,505.0,522.0,1072.0,1244.0,8.0,5.0,2020,649980.0,8005.0,Littleton,"572,003","2,067.07",798.1,19.004,7.337,"2,086.07",805.437,39.644632,-104.331733,65.7865384615385,39.8275641025641,52.123717948718,46.5762820512821,5.12807692307692,51.7217948717949,250.159615384615,14.7173076923077,6.25
309,Arapahoe,244409.5,166195.0,3285.0,71060.0,268.0,126.5,481.5,638.0,1034.5,1321.000000000029,,,2021,,,,,,,,,,,,,,,,,,,,,
310,Otero,7490.0,5932.0,470.0,860.0,0.0,0.0,170.0,3.0,29.0,26.0,8.0,89.0,2017,18325.0,8089.0,La Junta,"18,831","3,268.47","1,261.96",20.052,7.742,"3,288.52","1,269.70",37.88417,-103.72126,70.9891025641026,37.6423076923077,53.6634615384615,52.1217948717949,2.85801282051282,9.52692307692308,220.590384615385,17.6929487179487,7.20512820512821
311,Otero,7691.0,6199.0,425.0,835.0,0.0,0.0,178.0,0.0,22.0,32.0,8.0,89.0,2018,18325.0,8089.0,La Junta,"18,831","3,268.47","1,261.96",20.052,7.742,"3,288.52","1,269.70",37.88417,-103.72126,70.9891025641026,37.6423076923077,53.6634615384615,52.1217948717949,2.85801282051282,9.52692307692308,220.590384615385,17.6929487179487,7.20512820512821
312,Otero,7722.0,6186.0,424.0,852.0,0.0,0.0,183.0,0.0,39.0,38.0,8.0,89.0,2019,18282.0,8089.0,La Junta,"18,831","3,268.47","1,261.96",20.052,7.742,"3,288.52","1,269.70",37.88417,-103.72126,70.9891025641026,37.6423076923077,53.6634615384615,52.1217948717949,2.85801282051282,9.52692307692308,220.590384615385,17.6929487179487,7.20512820512821
313,Otero,7761.0,6097.0,367.0,905.0,0.0,0.0,324.0,0.0,44.0,24.0,8.0,89.0,2020,18284.0,8089.0,La Junta,"18,831","3,268.47","1,261.96",20.052,7.742,"3,288.52","1,269.70",37.88417,-103.72126,70.9891025641026,37.6423076923077,53.6634615384615,52.1217948717949,2.85801282051282,9.52692307692308,220.590384615385,17.6929487179487,7.20512820512821
314,Otero,7877.0,6224.0,344.0,901.0,0.0,0.0,330.5,0.0,49.0,30.0,,,2021,,,,,,,,,,,,,,,,,,,,,
315,Broomfield,25938.0,19014.0,407.0,6153.0,0.0,0.0,61.0,43.0,184.0,76.0,8.0,14.0,2017,64283.0,8014.0,Broomfield,"55,889",85.558,33.034,1.466,0.566,87.024,33.6,39.953383,-105.052125,65.8782051282051,40.2762820512821,52.743589743589695,47.248717948718,5.18160256410256,24.4570512820513,170.991666666667,14.4961538461538,6.57692307692308
316,Broomfield,26721.0,19413.0,435.0,6504.0,0.0,0.0,63.0,46.0,196.0,64.0,8.0,14.0,2018,66120.0,8014.0,Broomfield,"55,889",85.558,33.034,1.466,0.566,87.024,33.6,39.953383,-105.052125,65.8782051282051,40.2762820512821,52.743589743589695,47.248717948718,5.18160256410256,24.4570512820513,170.991666666667,14.4961538461538,6.57692307692308
317,Broomfield,27470.0,20020.0,459.0,6577.0,0.0,0.0,44.0,79.0,230.0,61.0,8.0,14.0,2019,67886.0,8014.0,Broomfield,"55,889",85.558,33.034,1.466,0.566,87.024,33.6,39.953383,-105.052125,65.8782051282051,40.2762820512821,52.743589743589695,47.248717948718,5.18160256410256,24.4570512820513,170.991666666667,14.4961538461538,6.57692307692308
318,Broomfield,27199.0,19786.0,454.0,6622.0,0.0,0.0,58.0,75.0,132.0,72.0,8.0,14.0,2020,69444.0,8014.0,Broomfield,"55,889",85.558,33.034,1.466,0.566,87.024,33.6,39.953383,-105.052125,65.8782051282051,40.2762820512821,52.743589743589695,47.248717948718,5.18160256410256,24.4570512820513,170.991666666667,14.4961538461538,6.57692307692308
319,Broomfield,27965.0,20289.0,480.0,6834.0,0.0,0.0,49.5,93.0,155.0,64.5,,,2021,,,,,,,,,,,,,,,,,,,,,
